City_ID,City,Lat,Lng,Max Temp,Humidity,Cloudiness,Wind Speed,Country,Date
0,port isabel,26.0734,-97.2086,15.03,78,0,3.09,US,1702912554
1,lamu,-2.2717,40.902,26.88,85,84,5.39,KE,1702912554
2,tlahualilo de zaragoza,26.1167,-103.45,14.85,43,100,0.43,MX,1702912554
3,jamestown,42.097,-79.2353,3.64,98,100,6.69,US,1702912554
4,westport,41.1415,-73.3579,17.75,92,100,6.17,US,1702912555
5,grytviken,-54.2811,-36.5092,3.24,78,61,4.56,GS,1702912555
6,lakatoro,-16.0999,167.4164,25.76,87,28,3.53,VU,1702912555
7,hawaiian paradise park,19.5933,-154.9731,19.73,96,100,2.06,US,1702912555
8,puerto ayora,-0.7393,-90.3518,28.98,92,88,1.79,EC,1702912556
9,port mathurin,-19.6833,63.4167,28.05,78,40,3.09,MU,1702912556
10,longyearbyen,78.2186,15.6401,-3.09,74,40,8.23,SJ,1702912556
11,olonkinbyen,70.9221,-8.7187,-2.81,75,100,4.01,SJ,1702912556
12,novyy turtkul',41.55,61.0167,-2.05,81,100,6.73,UZ,1702912386
13,chingirlau,51.095,54.0814,-5.09,96,100,4.11,KZ,1702912557
14,kingston,17.997,-76.7936,29.58,78,52,1.34,JM,1702912311
15,ushuaia,-54.8,-68.3,14.81,58,0,9.77,AR,1702912557
16,papatowai,-46.5619,169.4708,9.72,76,100,1.34,NZ,1702912557
17,hafnarfjordur,64.0671,-21.9377,2.93,93,75,4.63,IS,1702912300
18,gwadabawa,13.3561,5.2366,32.31,10,2,3.22,NG,1702912558
19,loen,7.7601,168.2307,27.31,80,96,11.01,MH,1702912558
20,cabo san lucas,22.8909,-109.9124,23.17,60,20,3.09,MX,1702912558
21,lieto,60.5103,22.4618,2.15,97,100,2.57,FI,1702912559
22,glace bay,46.1969,-59.957,10.5,80,75,11.32,CA,1702912340
23,broken hill,-31.95,141.4333,29.63,14,94,4.23,AU,1702912559
24,viransehir,37.2353,39.7631,7.37,40,0,3.9,TR,1702912559
25,flin flon,54.7682,-101.865,-9.09,79,100,5.14,CA,1702912559
26,port-aux-francais,-49.35,70.2167,6.05,87,100,15.21,TF,1702912560
27,ain sukhna,29.6002,32.3167,19.96,52,6,5.75,EG,1702912560
28,albany,42.6001,-73.9662,15.68,86,100,1.34,US,1702912420
29,queenstown,-31.8976,26.8753,22.86,56,67,7.57,ZA,1702912560
30,anadyr,64.75,177.4833,-20.72,77,15,6.0,RU,1702912561
31,pandhurna,21.6,78.5167,16.77,42,100,2.76,IN,1702912561
32,utrik,11.2278,169.8474,26.65,75,9,11.25,MH,1702912561
33,keflavik,64.0049,-22.5624,2.95,80,40,5.66,IS,1702912561
34,knyaze-volkonskoye,48.4642,135.4567,-27.78,99,36,2.24,RU,1702912562
35,yellowknife,62.456,-114.3525,-14.69,85,100,4.12,CA,1702912405
36,karachi,24.9056,67.0822,19.9,28,81,4.12,PK,1702912562
37,shahrak,34.1074,64.3052,3.43,37,100,2.4,AF,1702912562
38,port lincoln,-34.7333,135.8667,14.99,77,29,8.97,AU,1702912563
39,enewetak,11.3474,162.3373,27.41,70,9,11.68,MH,1702912563
40,udachny,66.4167,112.4,-31.43,100,92,1.43,RU,1702912563
41,conception bay south,47.4999,-52.9981,6.29,77,71,7.25,CA,1702912563
42,constantia,44.1833,28.65,5.39,65,76,5.41,RO,1702912563
43,yuanping,38.7153,112.7575,-17.35,88,10,0.97,CN,1702912564
44,zhuanghe,39.7008,122.9911,-9.01,93,100,3.19,CN,1702912564
45,adamstown,-25.066,-130.1015,22.63,81,100,7.72,PN,1702912564
46,ribeira grande,38.5167,-28.7,18.22,88,75,9.39,PT,1702912565
47,goz beida,13.95,20.55,33.21,12,15,3.49,TD,1702912565
48,qaqortoq,60.7167,-46.0333,-6.4,94,100,0.97,GL,1702912565
49,san juan del sur,11.2529,-85.8705,27.12,74,0,3.09,NI,1702912565
50,saint-joseph,-21.3667,55.6167,27.21,82,100,1.23,RE,1702912566
51,ketchikan,55.3422,-131.6461,3.99,100,40,6.69,US,1702912433
52,timbuktu,16.7735,-3.0074,23.11,14,83,6.96,ML,1702912566
53,sinop,41.7711,34.8709,4.29,68,100,1.44,TR,1702912566
54,mhamid,29.82,-5.72,15.46,28,4,7.02,MA,1702912567
55,kisesa,-3.0833,34.15,26.42,57,85,2.36,TZ,1702912567
56,turuntayevo,52.2,107.6167,-23.87,93,90,2.67,RU,1702912567
57,east london,-33.0153,27.9116,20.52,88,75,3.6,ZA,1702912567
58,nouadhibou,20.931,-17.0347,22.99,27,58,4.63,MR,1702912567
59,iida,35.5197,137.8207,0.02,95,100,0.55,JP,1702912568
60,bethel,41.3712,-73.414,16.79,79,100,0.45,US,1702912568
61,tiksi,71.6872,128.8694,-22.37,93,100,5.91,RU,1702912568
62,gur'yevsk,54.2833,85.9333,-25.84,94,7,1.75,RU,1702912569
63,gobabis,-22.45,18.9667,29.93,29,100,4.87,NA,1702912569
64,laguna,38.421,-121.4238,10.6,93,100,3.09,US,1702912569
65,west island,-12.1568,96.8225,26.99,74,40,3.6,CC,1702912569
66,tsiombe,-25.3,45.4833,26.23,60,1,5.9,MG,1702912570
67,nar'yan-mar,67.6713,53.087,-13.27,91,100,8.49,RU,1702912570
68,blackmans bay,-43.0167,147.3167,15.07,94,100,0.95,AU,1702912570
69,kitimat,54.0524,-128.6534,0.21,99,100,1.82,CA,1702912571
70,puerto natales,-51.7236,-72.4875,16.25,41,40,2.57,CL,1702912571
71,iqaluit,63.7506,-68.5145,-21.15,71,100,2.06,CA,1702912571
72,isafjordur,66.0755,-23.124,-6.98,86,40,2.57,IS,1702912571
73,whitehorse,60.7161,-135.0538,-9.57,73,20,2.06,CA,1702912571
74,barhi,23.9,80.8,14.57,37,75,0.76,IN,1702912572
75,kirakira,-10.4544,161.9205,25.35,85,100,1.74,SB,1702912572
76,askoy,60.4092,5.226,7.64,100,75,6.17,NO,1702912572
77,luderitz,-26.6481,15.1594,24.41,53,7,12.26,NA,1702912573
78,ust-nera,64.5667,143.2,-37.25,98,86,1.45,RU,1702912573
79,iquique,-20.2208,-70.1431,21.61,69,65,2.7,CL,1702912327
80,thompson,55.7435,-97.8558,-18.91,84,75,1.54,CA,1702912573
81,talnakh,69.4865,88.3972,-15.04,83,100,7.65,RU,1702912573
82,nemuro,43.3236,145.575,-5.94,70,12,9.76,JP,1702912574
83,mugia,43.1041,-9.2179,12.73,65,39,1.05,ES,1702912574
84,galesong,-5.3166,119.3661,25.01,76,46,0.65,ID,1702912574
85,ostersund,63.1792,14.6357,4.25,65,0,5.66,SE,1702912575
86,formosa do rio preto,-11.0483,-45.1931,35.57,29,18,2.79,BR,1702912575
87,colonia,50.9333,6.95,6.59,79,0,1.03,DE,1702912544
88,sisimiut,66.9395,-53.6735,-9.1,78,100,15.89,GL,1702912575
89,pisco,-13.7,-76.2167,21.12,88,100,3.09,PE,1702912366
90,marsh harbour,26.5412,-77.0636,21.68,63,0,8.23,BS,1702912576
91,arkhangel'sk,64.5401,40.5433,-0.94,93,100,7.0,RU,1702912576
92,domna,51.8971,113.1573,-36.91,67,98,0.0,RU,1702912576
93,ghanzi,-21.5667,21.7833,32.94,30,99,3.75,BW,1702912576
94,beyneu,45.3167,55.2,-0.69,86,100,5.66,KZ,1702912577
95,palmer,42.1584,-72.3287,16.34,83,100,3.13,US,1702912577
96,ambikapur,23.1167,83.2,12.12,47,71,1.44,IN,1702912577
97,edinburgh of the seven seas,-37.0676,-12.3116,14.25,71,10,5.73,SH,1702912577
98,chul'man,56.8479,124.9104,-39.75,100,98,1.36,RU,1702912578
99,fort bragg,35.139,-79.006,12.82,66,0,3.13,US,1702912578
100,parauapebas,-6.0675,-49.9022,26.99,83,75,2.06,BR,1702912410
101,stanley,54.868,-1.6985,12.1,89,75,6.69,GB,1702912578
102,lorengau,-2.0226,147.2712,27.18,83,92,2.39,PG,1702912579
103,bilibino,68.0546,166.4372,-33.54,99,99,0.36,RU,1702912579
104,punta arenas,-53.15,-70.9167,13.06,58,0,7.2,CL,1702912330
105,rio grande,-32.035,-52.0986,31.06,84,97,5.35,BR,1702912579
106,lautoka,-17.6167,177.4667,25.92,83,40,2.06,FJ,1702912580
107,invercargill,-46.4,168.35,8.63,86,100,1.63,NZ,1702912580
108,wang saphung,17.301,101.7685,21.98,73,35,0.8,TH,1702912581
109,sur,22.5667,59.5289,22.9,47,0,3.97,OM,1702912581
110,praia,14.9215,-23.5087,27.3,57,40,8.23,CV,1702912437
111,richards bay,-28.783,32.0377,26.11,80,67,4.81,ZA,1702912294
112,sao joao da barra,-21.6403,-41.0511,31.05,75,19,5.44,BR,1702912582
113,st. john's,47.5649,-52.7093,6.65,77,75,8.75,CA,1702912435
114,ilulissat,69.2167,-51.1,-10.99,57,75,4.12,GL,1702912582
115,puerto baquerizo moreno,-0.9,-89.6,24.55,88,100,5.14,EC,1702912583
116,hithadhoo,-0.6,73.0833,28.69,75,49,3.67,MV,1702912583
117,tofol,5.3248,163.0078,28.04,78,100,9.28,FM,1702912583
118,waitangi,-43.9535,-176.5597,11.57,75,15,5.73,NZ,1702912583
119,ilhabela,-23.7781,-45.3581,27.62,74,9,3.55,BR,1702912325
120,tolanaro,-25.0319,46.9987,25.09,79,15,3.64,MG,1702912584
121,malvan,16.0667,73.4667,27.97,73,100,2.1,IN,1702912584
122,ancud,-41.8697,-73.8203,13.41,46,0,1.89,CL,1702912584
123,lompoc,34.6391,-120.4579,17.55,60,100,4.12,US,1702912585
124,georgetown,5.4112,100.3354,28.96,84,20,1.54,MY,1702912297
125,antsiranana,-12.2787,49.2917,28.38,72,63,5.43,MG,1702912585
126,aksu,41.1231,80.2644,-5.62,42,0,1.2,CN,1702912585
127,zhanaozen,43.3,52.8,-0.03,87,96,3.77,KZ,1702912586
128,gadzhiyevo,69.2551,33.3362,-4.46,85,23,10.51,RU,1702912586
129,nykvarn,59.8,18.3,5.13,95,86,4.36,SE,1702912586
130,manokwari,-0.8667,134.0833,26.17,86,94,3.15,ID,1702912586
131,callao,-12.0667,-77.15,24.29,73,100,4.12,PE,1702912586
132,am timan,11.0297,20.2827,35.41,12,83,1.7,TD,1702912587
133,kalmunai,7.4167,81.8167,25.76,89,87,3.83,LK,1702912587
134,avarua,-21.2078,-159.775,24.03,88,75,5.66,CK,1702912587
135,kayar,14.9192,-17.1211,28.53,26,100,5.98,SN,1702912588
136,port douglas,-16.4833,145.4667,24.6,90,100,4.55,AU,1702912588
137,mahajanga,-15.7167,46.3167,29.08,73,89,6.85,MG,1702912588
138,celestun,20.8667,-90.4,22.88,55,100,4.72,MX,1702912588
139,hilo,19.7297,-155.09,19.85,95,100,2.06,US,1702912588
140,muisne,0.6,-80.0333,26.42,83,94,3.19,EC,1702912589
141,olyokminsk,60.3736,120.4264,-34.98,98,56,1.78,RU,1702912589
142,piedras negras,28.7,-100.5167,7.32,87,0,3.09,MX,1702912377
143,umarkot,25.3616,69.7362,21.12,22,35,4.03,PK,1702912589
144,ta`u,-14.2336,-169.5144,26.86,81,100,3.93,AS,1702912589
145,nishinoomote,30.7333,131.0,12.57,69,100,2.62,JP,1702912590
146,zabol,32.25,67.25,5.12,32,0,1.7,AF,1702912590
147,dickinson,29.4608,-95.0513,13.98,84,0,2.06,US,1702912326
148,kismayo,-0.3582,42.5454,27.66,77,78,7.19,SO,1702912591
149,sitka,57.0531,-135.33,0.94,80,0,0.0,US,1702912591
150,karlskrona,56.1616,15.5866,9.25,97,100,4.95,SE,1702912546
151,yaren,-0.5472,166.916,28.46,80,100,7.58,NR,1702912591
152,keelung,25.1283,121.7419,20.61,87,61,3.96,TW,1702912591
153,novo selo,41.4139,22.8811,6.24,72,4,2.73,MK,1702912592
154,las lajitas,-24.6833,-64.25,33.46,43,88,2.72,AR,1702912592
155,mossel bay,-34.1831,22.146,19.96,70,47,5.12,ZA,1702912592
156,petropavlovsk-kamchatsky,53.0452,158.6483,-1.67,83,75,12.0,RU,1702912592
157,kushiro,42.975,144.3747,-8.34,74,0,6.52,JP,1702912593
158,new norfolk,-42.7826,147.0587,15.72,96,100,0.82,AU,1702912593
159,salinopolis,-0.6136,-47.3561,30.33,66,54,3.89,BR,1702912593
160,la passe,45.5549,-0.8967,2.13,66,0,0.89,FR,1702912593
161,chonchi,-42.6128,-73.8092,13.56,43,2,2.37,CL,1702912594
162,klyuchi,52.2667,79.1667,-16.05,74,94,5.75,RU,1702912594
163,pacific grove,36.6177,-121.9166,16.71,91,100,2.68,US,1702912594
164,kuanda,56.3161,116.0806,-33.77,94,40,0.05,RU,1702912594
165,trinity beach,-16.7888,145.6968,25.56,100,100,5.36,AU,1702912595
166,kalevala,65.2,31.1667,-5.51,90,96,3.58,RU,1702912595
167,nema,57.5067,50.5011,-3.12,96,100,3.24,RU,1702912595
168,pimentel,-6.8367,-79.9342,25.16,65,0,6.17,PE,1702912596
169,mercedes,-34.6515,-59.4307,16.03,85,100,7.51,AR,1702912596
170,zapata,26.9073,-99.2714,10.06,93,0,0.0,US,1702912596
171,margaret river,-33.95,115.0667,15.72,60,100,7.75,AU,1702912596
172,quang ngai,15.1167,108.8,22.95,91,55,2.26,VN,1702912597
173,puerto san jose,13.9256,-90.8244,26.06,53,31,2.18,GT,1702912597
174,al'met'yevsk,54.9044,52.3154,-1.62,95,100,4.73,RU,1702912597
175,vrangel',42.7297,133.0839,-10.91,43,0,5.42,RU,1702912597
176,bereznik,62.8551,42.7072,-2.24,92,96,4.3,RU,1702912598
177,kupang,-10.1667,123.5833,26.32,94,74,1.03,ID,1702912598
178,artigas,-30.4,-56.4667,33.75,57,51,5.42,UY,1702912598
179,el calafate,-50.3408,-72.2768,12.9,53,52,3.85,AR,1702912598
180,okhotsk,59.3833,143.3,-23.86,82,97,8.62,RU,1702912599
181,upington,-28.4478,21.2561,38.21,8,20,5.14,ZA,1702912599
182,wilmington,34.2257,-77.9447,14.95,69,0,8.23,US,1702912582
183,farasan,16.7022,42.1183,26.44,70,23,4.61,SA,1702912599
184,ciudad bolivar,8.1222,-63.5497,31.88,46,79,3.4,VE,1702912400
185,kununurra,-15.7667,128.7333,29.99,84,35,2.06,AU,1702912600
186,kilindoni,-7.9139,39.6668,28.71,74,24,5.18,TZ,1702912600
187,kalianget,-7.05,113.9333,28.15,73,98,2.1,ID,1702912600
188,kargil,34.5667,76.1,-5.24,31,0,1.68,IN,1702912600
189,medicine hat,50.0501,-110.6683,1.28,61,100,3.6,CA,1702912600
190,ceeldheer,3.8488,47.1806,27.09,71,65,10.8,SO,1702912601
191,ulladulla,-35.35,150.4667,19.25,84,75,1.6,AU,1702912601
192,qorveh,35.1664,47.8045,4.73,51,28,1.68,IR,1702912601
193,atamyrat,37.8357,65.2106,9.75,52,100,6.11,TM,1702912601
194,ballina,-28.8667,153.5667,23.21,88,2,6.04,AU,1702912602
195,beloyarskiy,63.7119,66.6722,-13.42,91,100,4.25,RU,1702912602
196,buka,40.8108,69.1986,7.44,49,100,0.42,UZ,1702912602
197,vorgashor,67.5833,63.95,-19.57,91,44,5.74,RU,1702912602
198,phan thiet,10.9333,108.1,24.52,85,99,2.44,VN,1702912603
199,ulsteinvik,62.3432,5.8487,8.07,86,100,8.05,NO,1702912603
200,hermanus,-34.4187,19.2345,19.37,60,8,5.95,ZA,1702912603
201,la'ie,21.6477,-157.9253,20.66,75,100,7.59,US,1702912603
202,inirida,3.8653,-67.9239,30.0,75,50,0.38,CO,1702912603
203,port elizabeth,-33.918,25.5701,24.5,77,0,2.68,ZA,1702912309
204,kapa'a,22.0752,-159.319,21.18,87,75,9.26,US,1702912499
205,castillos,-34.1667,-53.8333,23.08,74,100,2.57,UY,1702912604
206,vylkove,45.4021,29.586,7.15,67,92,4.17,UA,1702912604
207,hadibu,12.65,54.0333,24.61,80,81,9.12,YE,1702912604
208,yangjiang,21.85,111.9667,15.75,74,100,3.57,CN,1702912605
209,bredasdorp,-34.5322,20.0403,20.89,49,20,6.08,ZA,1702912605
210,cerro de ortega,18.75,-103.7667,25.39,66,6,1.13,MX,1702912605
211,quellon,-43.1167,-73.6167,11.83,65,2,4.38,CL,1702912605
212,'ain el turk,35.7438,-0.7693,15.38,72,75,2.57,DZ,1702912605
213,aasiaat,68.7098,-52.8699,-12.78,90,100,8.57,GL,1702912606
214,tura,25.5198,90.2201,15.54,83,74,1.07,IN,1702912606
215,kapuskasing,49.4169,-82.4331,-5.95,93,100,10.8,CA,1702912319
216,akureyri,65.6835,-18.0878,-1.04,93,75,2.06,IS,1702912606
217,hammerfest,70.6634,23.6821,2.25,64,75,8.23,NO,1702912606
218,cidreira,-30.1811,-50.2056,26.5,78,37,4.82,BR,1702912607
219,dawei,14.0833,98.2,24.2,77,81,1.85,MM,1702912607
220,goondiwindi,-28.55,150.3167,25.93,61,98,8.39,AU,1702912607
221,baruun-urt,46.6806,113.2792,-26.51,96,99,2.49,MN,1702912607
222,teloloapan,18.35,-99.85,18.15,59,50,1.09,MX,1702912607
223,rikaze,29.25,88.8833,0.09,24,15,1.68,CN,1702912608
224,mili,6.0815,171.735,25.94,91,100,10.06,MH,1702912608
225,north bend,43.4065,-124.2243,11.71,87,100,3.6,US,1702912608
226,cromwell,41.5951,-72.6454,17.45,96,100,5.66,US,1702912592
227,dellys,36.9172,3.9131,14.17,79,100,8.18,DZ,1702912609
228,wailua homesteads,22.0669,-159.378,20.44,87,75,9.26,US,1702912609
229,ipameri,-17.7219,-48.1597,36.87,19,34,1.95,BR,1702912609
230,laudun-l'ardoise,44.1,4.6667,15.29,56,0,1.54,FR,1702912609
231,kodiak,57.79,-152.4072,-0.27,74,100,5.66,US,1702912610
232,nadi,-17.8,177.4167,26.0,83,40,2.06,FJ,1702912610
233,khasab,26.1799,56.2477,23.77,42,2,1.39,OM,1702912610
234,luza,60.6308,47.2512,-2.87,95,99,3.85,RU,1702912610
235,bardai,11.65,7.2333,31.85,13,0,3.61,NG,1702912610
236,kourou,5.1552,-52.6478,30.03,81,56,2.64,GF,1702912611
237,magadan,59.5667,150.8,-23.8,88,86,5.55,RU,1702912611
238,rabo de peixe,37.8,-25.5833,18.73,99,40,5.66,PT,1702912491
239,jaicos,-7.3592,-41.1378,35.68,33,95,1.14,BR,1702912611
240,auki,-8.7676,160.7034,24.02,83,100,0.74,SB,1702912611
241,huambo,-12.7761,15.7392,17.22,92,100,1.02,AO,1702912612
242,as sulayyil,20.4607,45.5779,20.14,21,0,3.11,SA,1702912612
243,makoua,0.0069,15.6333,34.52,33,99,1.86,CG,1702912612
244,ko pha ngan,9.7578,100.0291,26.38,74,20,3.9,TH,1702912612
245,mount isa,-20.7333,139.5,30.87,48,64,4.63,AU,1702912612
246,ponta delgada,37.7333,-25.6667,19.4,88,40,5.66,PT,1702912613
247,chibougamau,49.9168,-74.3659,1.79,100,100,1.54,CA,1702912613
248,coaldale,49.7167,-112.6185,7.82,42,75,7.2,CA,1702912613
249,nuuk,64.1835,-51.7216,-6.66,79,75,8.49,GL,1702912613
250,vila franca do campo,37.7167,-25.4333,19.23,99,98,6.19,PT,1702912614
251,port alfred,-33.5906,26.891,21.21,82,0,2.68,ZA,1702912614
252,kattivakkam,13.2167,80.3167,27.05,67,99,5.82,IN,1702912614
253,culaba,11.6578,124.5425,26.46,85,96,5.51,PH,1702912614
254,atafu village,-8.5421,-172.5159,28.97,74,47,4.79,TK,1702912614
255,yelizovo,53.1873,158.3805,-0.92,51,75,12.0,RU,1702912615
256,kidal,18.4411,1.4078,24.34,13,98,5.35,ML,1702912615
257,college,64.8569,-147.8028,-12.53,85,100,0.0,US,1702912543
258,tazacorte,28.629,-17.9293,21.54,72,20,5.14,ES,1702912615
259,ituango,7.1712,-75.764,22.58,69,51,0.96,CO,1702912615
260,och'amch'ire,42.7123,41.4686,7.11,76,100,1.76,GE,1702912616
261,alice springs,-23.7,133.8833,31.81,27,79,6.82,AU,1702912616
262,port blair,11.6667,92.75,28.02,83,20,2.57,IN,1702912616
263,guerrero negro,27.9769,-114.0611,18.54,65,100,3.88,MX,1702912616
264,maceio,-9.6658,-35.7353,27.69,74,75,2.57,BR,1702912566
265,mccomb,31.2438,-90.4531,9.45,71,0,4.12,US,1702912617
266,vanimo,-2.6741,141.3028,25.71,89,100,1.83,PG,1702912617
267,mount pearl,47.5166,-52.7813,5.96,76,75,8.75,CA,1702912617
268,severobaykal'sk,55.65,109.3167,-24.16,89,39,3.32,RU,1702912617
269,murray,40.6669,-111.888,7.39,62,100,1.54,US,1702912618
270,puerto armuelles,8.2833,-82.8667,28.99,78,32,0.45,PA,1702912353
271,union city,37.5958,-122.0192,13.32,93,100,4.12,US,1702912618
272,katabu,-4.9333,122.5167,25.68,90,99,1.64,ID,1702912618
273,torrington,41.8007,-73.1212,16.19,98,100,1.34,US,1702912619
274,altai,46.3722,96.2583,-29.44,89,15,1.38,MN,1702912619
275,nadym,65.5333,72.5167,-13.08,91,100,10.47,RU,1702912619
276,marka,1.7159,44.7717,27.01,78,99,8.26,SO,1702912619
277,kimbe,-5.5502,150.1429,24.49,93,100,1.31,PG,1702912619
278,nova vicosa,-17.8919,-39.3719,30.04,56,29,5.46,BR,1702912620
279,punta del este,-34.9667,-54.95,21.06,88,75,7.2,UY,1702912620
280,metlaoui,34.3208,8.4016,13.6,53,97,3.68,TN,1702912620
281,fale old settlement,-9.3852,-171.2468,28.91,74,83,4.0,TK,1702912620
282,sovetskaya gavan',48.9723,140.2878,-17.72,79,100,4.5,RU,1702912621
283,safford,32.834,-109.7076,12.84,28,0,5.14,US,1702912621
284,tongchuan,35.0806,109.0897,-2.52,44,16,1.67,CN,1702912621
285,brisas de zicatela,15.8369,-97.0419,25.29,78,0,4.12,MX,1702912621
286,mejit,10.2753,170.8646,26.89,78,47,11.33,MH,1702912622
287,port saint john's,-31.6229,29.5448,21.57,91,100,5.08,ZA,1702912622
288,balasore,21.4942,86.9317,18.78,43,34,1.5,IN,1702912622
289,placerville,38.7296,-120.7986,10.44,88,100,6.17,US,1702912622
290,ak'ordat,15.5486,37.8867,30.94,26,39,2.73,ER,1702912623
291,san antonio oeste,-40.7319,-64.9477,14.56,49,1,6.48,AR,1702912623
292,gilgit,35.9221,74.3087,2.42,45,0,1.18,PK,1702912623
293,napili-honokowai,20.9708,-156.6705,21.51,90,100,5.37,US,1702912623
294,osmancik,40.9782,34.8047,4.95,62,100,0.34,TR,1702912624
295,macherla,16.4833,79.4333,22.94,73,100,2.22,IN,1702912624
296,ghat,24.9647,10.1728,22.43,15,11,4.75,LY,1702912624
297,sirte,31.2089,16.5887,19.45,60,9,7.35,LY,1702912624
298,ofunato,39.0717,141.7167,-0.78,69,79,6.64,JP,1702912625
299,mantua,45.1667,10.7833,11.34,86,8,0.89,IT,1702912625
300,yichang,30.7144,111.2847,1.83,75,16,0.71,CN,1702912625
301,howrah,22.5892,88.3103,19.0,63,20,1.54,IN,1702912625
302,sao domingos do prata,-19.865,-42.9683,31.9,42,12,1.22,BR,1702912626
303,newman,37.3138,-121.0208,10.19,93,84,1.84,US,1702912626
304,karema,-6.8205,30.4389,26.9,79,100,0.94,TZ,1702912626
305,bremen,53.0752,8.8078,8.34,91,100,6.69,DE,1702912453
306,muden,52.5277,10.3601,8.09,89,93,6.08,DE,1702912627
307,humberto de campos,-2.5983,-43.4611,30.13,69,82,2.17,BR,1702912627
308,sile,41.1754,29.6133,9.2,59,11,1.35,TR,1702912627
309,hakui,36.8833,136.7833,2.92,87,100,1.46,JP,1702912628
310,egilsstadir,65.2653,-14.3948,-6.05,86,40,1.54,IS,1702912628
311,saraqib,35.8645,36.8059,10.2,40,0,2.02,SY,1702912628
312,bandar labuan,5.2888,115.2692,29.2,74,20,3.6,MY,1702912628
313,sanya,18.2431,109.505,24.09,83,75,2.0,CN,1702912629
314,tosontsengel,48.7567,98.2839,-36.78,99,94,0.7,MN,1702912629
315,san agustin de valle fertil,-30.6335,-67.4682,24.36,30,77,4.78,AR,1702912629
316,woolgoolga,-30.1106,153.2007,25.93,89,78,2.99,AU,1702912630
317,afaahiti,-17.75,-149.2833,23.93,87,100,4.97,PF,1702912630
318,byron bay,-28.65,153.6167,23.17,96,30,1.97,AU,1702912512
319,iza,48.2152,23.3287,3.42,88,33,0.88,UA,1702912631
320,tazovsky,67.4667,78.7,-12.94,91,100,10.65,RU,1702912631
321,ugoofaaru,5.6667,73.0,28.39,69,62,0.7,MV,1702912631
322,wladyslawowo,54.7909,18.4009,7.75,93,100,9.94,PL,1702912424
323,harlingen,26.1906,-97.6961,14.96,93,0,2.06,US,1702912460
324,belyy yar,53.6039,91.3903,-32.06,75,0,0.0,RU,1702912633
325,roseau,15.3017,-61.3881,31.36,62,20,1.54,DM,1702912633
326,el granada,37.5027,-122.4694,13.29,94,100,8.23,US,1702912633
327,waingapu,-9.6567,120.2641,26.41,75,43,3.1,ID,1702912634
328,tinogasta,-28.0632,-67.5649,27.58,40,15,5.71,AR,1702912634
329,nova sintra,14.8667,-24.7167,21.79,66,100,5.71,CV,1702912634
330,jutai,-5.1833,-68.9,27.71,74,99,0.7,BR,1702912635
331,polyarnyy,69.1989,33.4478,-3.91,84,26,10.1,RU,1702912635
332,florida,28.7505,-82.5001,16.15,72,40,6.69,US,1702912594
333,haiku-pauwela,20.9219,-156.3051,20.58,87,0,4.47,US,1702912635
334,cambria,35.5641,-121.0808,16.73,97,99,3.13,US,1702912636
335,antigonish,45.6169,-61.9986,13.41,80,100,6.26,CA,1702912636
336,fuling,29.7022,107.3919,5.46,78,84,0.3,CN,1702912636
337,puerto lleras,3.0223,-73.4044,24.7,92,100,0.25,CO,1702912637
338,dudinka,69.4058,86.1778,-17.4,83,100,13.41,RU,1702912637
339,pochinki,54.6988,44.8668,-1.76,96,52,4.81,RU,1702912637
340,olmos,-5.9847,-79.7453,25.5,75,100,2.04,PE,1702912638
341,yauya,-8.9833,-77.3,15.96,55,62,1.51,PE,1702912638
342,singojuruh,-8.3167,114.2333,22.66,84,41,1.56,ID,1702912638
343,kolonia town,6.964,158.206,27.0,89,75,4.12,FM,1702912638
344,filandia,4.6747,-75.6583,19.56,88,75,2.06,CO,1702912639
345,dhidhdhoo,6.8833,73.1,27.8,77,54,2.25,MV,1702912639
346,arbelaez,4.2725,-74.4151,21.5,88,100,1.45,CO,1702912639
347,zeya,53.75,127.2667,-23.46,97,100,0.7,RU,1702912523
348,coquimbo,-29.9533,-71.3436,18.85,68,0,6.69,CL,1702912640
349,malango,-2.9627,119.9001,21.13,99,100,0.87,ID,1702912640
350,susuman,62.7833,148.1667,-34.08,100,95,0.33,RU,1702912641
351,dossor,47.5272,52.9811,-0.44,93,100,5.64,KZ,1702912641
352,vernon,50.2581,-119.2691,2.39,90,100,0.0,CA,1702912641
353,quatis,-22.4072,-44.2581,32.16,46,0,1.59,BR,1702912641
354,sterling,39.0062,-77.4286,11.05,66,75,11.83,US,1702912396
355,chom bueng,13.62,99.5917,25.14,70,94,1.47,TH,1702912642
356,prado,-17.3411,-39.2208,28.94,61,5,5.39,BR,1702912643
357,hami,42.8,93.45,-12.7,60,4,3.16,CN,1702912643
358,pariaman,-0.619,100.12,26.03,88,100,1.28,ID,1702912643
359,labrador city,52.9463,-66.9114,1.95,93,100,7.2,CA,1702912643
360,zhuji,29.7188,120.2423,1.32,99,100,0.87,CN,1702912644
361,flying fish cove,-10.4217,105.6791,25.82,78,75,2.57,CX,1702912644
362,kirensk,57.7853,108.1119,-37.8,100,94,0.45,RU,1702912644
363,obock,12.25,43.0833,20.44,56,97,7.42,DJ,1702912645
364,saldanha,-33.0117,17.9442,18.5,69,9,12.37,ZA,1702912645
365,guasdualito,7.2424,-70.7324,30.98,66,20,3.6,VE,1702912645
366,lihue,21.9789,-159.3672,20.77,84,75,9.26,US,1702912645
367,hiratacho,35.4333,132.8167,5.01,75,100,1.82,JP,1702912646
368,jayapura,-2.5333,140.7,25.66,89,100,1.84,ID,1702912646
369,talcahuano,-36.7167,-73.1167,15.82,51,0,4.63,CL,1702912471
370,lagos,6.5833,3.75,36.18,33,18,3.62,NG,1702912412
371,znamenskoye,57.1281,73.8282,-11.67,82,100,6.12,RU,1702912647
372,tra mhor,52.1624,-7.1524,13.43,81,100,0.89,IE,1702912647
373,samdari,25.8167,72.5833,19.72,29,8,4.08,IN,1702912647
374,sidney,-33.8679,151.2073,24.28,90,100,2.57,AU,1702912442
375,opuwo,-18.0607,13.84,34.35,19,100,4.43,NA,1702912648
376,meizhou,24.2977,116.1072,11.96,77,98,1.77,CN,1702912648
377,siyabuswa,-25.1132,29.0445,35.48,20,100,3.37,ZA,1702912648
378,upata,8.0086,-62.3989,30.11,48,85,2.57,VE,1702912649
379,launceston,-41.45,147.1667,15.8,94,100,5.14,AU,1702912649
380,hashtpar,37.8008,48.9037,7.35,70,46,1.55,IR,1702912649
381,shibirghan,36.6676,65.7529,10.6,48,100,5.42,AF,1702912649
382,al majaridah,19.1236,41.9111,26.45,36,0,1.5,SA,1702912650
383,hell-ville,-13.4,48.2667,28.64,74,65,7.59,MG,1702912650
384,dong ha,16.8163,107.1003,20.33,91,99,1.63,VN,1702912650
385,uliastay,47.7417,96.8444,-33.41,86,30,2.6,MN,1702912651
386,fort riley north,39.1108,-96.8139,-1.28,77,0,2.06,US,1702912401
387,san antonio de pale,-1.4014,5.6325,26.93,81,89,3.2,GQ,1702912651
388,mersing,2.4312,103.8405,26.95,89,40,2.57,MY,1702912651
389,minas de marcona,-15.2119,-75.1103,20.51,64,99,5.0,PE,1702912652
390,arenapolis,-14.4503,-56.8461,41.04,21,4,1.11,BR,1702912652
391,sao jose da coroa grande,-8.8978,-35.1478,28.8,64,95,4.57,BR,1702912652
392,lazaro cardenas,17.9583,-102.2,25.82,77,13,1.86,MX,1702912652
393,berezovyy,51.6667,135.7,-19.27,98,100,1.04,RU,1702912653
394,ashburton,-37.8626,145.0794,19.66,89,100,1.06,AU,1702912653
395,la sarre,48.8002,-79.1996,0.72,99,100,3.34,CA,1702912450
396,ankang,32.68,109.0172,3.08,66,61,0.62,CN,1702912654
397,mirador,-6.3708,-44.3631,34.73,43,100,1.66,BR,1702912654
398,maralal,1.0968,36.698,20.22,56,85,5.46,KE,1702912654
399,crane,31.3974,-102.3501,8.72,58,56,3.82,US,1702912655
400,new plymouth,-39.0667,174.0833,13.23,92,6,1.66,NZ,1702912655
401,gizo,-8.103,156.8419,26.61,76,97,2.71,SB,1702912655
402,moussoro,13.6408,16.4901,33.08,13,9,5.38,TD,1702912656
403,puerto deseado,-47.7503,-65.8938,14.93,52,8,5.99,AR,1702912656
404,rota,36.6224,-6.3586,16.23,55,0,2.57,ES,1702912656
405,kailua-kona,19.6406,-155.9956,21.44,80,0,3.09,US,1702912656
406,yutan,28.25,112.55,1.39,77,100,3.01,CN,1702912657
407,alvarado,18.7667,-95.7667,22.22,66,1,1.85,MX,1702912657
408,tingi,-11.3,35.0333,25.57,59,99,1.72,TZ,1702912657
409,salinas,36.6777,-121.6555,16.94,93,100,8.75,US,1702912657
410,varna,43.2167,27.9167,8.08,66,67,3.6,BG,1702912603
411,playas,-2.6333,-80.3833,24.98,80,99,2.68,EC,1702912658
412,kargat,55.1956,80.2811,-18.35,84,100,5.11,RU,1702912658
413,ambon,-3.6954,128.1814,27.82,13,40,3.6,ID,1702912658
414,khovd,48.0056,91.6419,-22.08,83,5,1.34,MN,1702912659
415,bikenibeu village,1.3673,173.1241,26.98,94,75,1.03,KI,1702912659
416,lodja,-3.4833,23.4333,25.42,81,100,0.34,CD,1702912659
417,hillsborough,37.5741,-122.3794,12.74,94,100,8.23,US,1702912660
418,belgrade,44.804,20.4651,7.81,75,0,1.54,RS,1702912660
419,kuruman,-27.4524,23.4325,35.55,20,99,3.3,ZA,1702912660
420,kolonia,50.9333,6.95,6.59,79,0,1.03,DE,1702912661
421,rongelap,11.1635,166.8941,26.9,78,26,11.07,MH,1702912661
422,thames,-37.1333,175.5333,17.66,94,77,0.34,NZ,1702912661
423,wynyard,-41.0,145.7167,14.11,95,100,3.2,AU,1702912661
424,ust'-ilimsk,58.0006,102.6619,-33.21,100,51,0.45,RU,1702912662
425,fortuna,40.5982,-124.1573,14.96,91,40,2.57,US,1702912662
426,thunder bay,48.4001,-89.3168,-8.01,57,40,8.23,CA,1702912496
427,mzimba,-11.9,33.6,28.07,38,72,4.98,MW,1702912663
428,okha,53.5739,142.9478,-17.44,94,100,9.56,RU,1702912663
429,nuku'alofa,-21.1333,-175.2,25.19,78,20,6.17,TO,1702912488
430,visby,57.6409,18.296,7.12,93,0,5.66,SE,1702912663
431,ikedacho,34.0167,133.8,2.12,60,98,0.7,JP,1702912663
432,itupeva,-23.1531,-47.0578,30.85,40,20,2.06,BR,1702912664
433,hasaki,35.7333,140.8333,4.05,64,100,4.89,JP,1702912664
434,kirkland lake,48.1446,-80.0377,1.16,100,100,3.6,CA,1702912664
435,balao,-2.9167,-79.8167,26.65,83,100,0.94,EC,1702912664
436,badger,64.8,-147.5333,-12.58,87,100,0.0,US,1702912665
437,mutuipe,-13.2286,-39.5047,34.33,36,79,3.31,BR,1702912665
438,xining,36.6167,101.7667,-10.45,79,5,0.8,CN,1702912665
439,dabou,5.3256,-4.3769,31.07,50,85,3.54,CI,1702912666
440,baise city,23.8997,106.6133,10.22,82,100,0.94,CN,1702912666
441,al miqdadiyah,33.9786,44.9369,17.55,43,100,2.03,IQ,1702912666
442,north platte,41.1239,-100.7654,-2.18,79,0,0.0,US,1702912665
443,kabalo,-6.05,26.9167,25.96,92,100,1.96,CD,1702912667
444,caluula,11.9661,50.7569,24.71,73,95,8.19,SO,1702912667
445,fort morgan,40.2503,-103.8,0.68,86,43,2.57,US,1702912667
446,cauquenes,-35.9671,-72.3225,21.6,22,0,4.46,CL,1702912668
447,badou,7.5833,0.6,34.99,16,5,0.87,TG,1702912668
448,orapa,-21.2833,25.3667,33.93,28,100,0.85,BW,1702912669
449,constitucion,-35.3333,-72.4167,17.59,46,0,7.54,CL,1702912669
450,tambura,5.6,27.4667,35.01,22,99,2.51,SS,1702912669
451,levis,46.8033,-71.1779,7.22,98,100,10.29,CA,1702912669
452,kinablangan,7.6947,126.5503,25.65,90,100,3.28,PH,1702912670
453,bandon,51.7469,-8.7425,12.77,97,100,4.45,IE,1702912670
454,rakvere,59.3464,26.3558,2.37,98,100,4.27,EE,1702912671
455,puerto aysen,-45.4,-72.7,10.89,90,86,0.74,CL,1702912671
456,great falls,47.5002,-111.3008,7.66,32,0,7.72,US,1702912671
457,isola di capo rizzuto,38.96,17.0933,13.41,62,0,4.12,IT,1702912672
458,jinghong,21.991,100.7341,17.2,78,0,1.36,CN,1702912672
459,bodaybo,57.8506,114.1933,-37.59,100,90,0.28,RU,1702912672
460,agbabu,6.5886,4.8343,36.93,21,21,2.14,NG,1702912673
461,hamilton,39.1834,-84.5333,3.21,74,100,7.72,US,1702912475
462,ambovombe,-25.1667,46.0833,24.85,75,4,6.49,MG,1702912673
463,saint-philippe,-21.3585,55.7679,27.77,85,100,3.06,RE,1702912673
464,lieksa,63.3167,30.0167,-6.96,98,49,3.65,FI,1702912674
465,mount gambier,-37.8333,140.7667,12.69,95,54,4.16,AU,1702912674
466,rumoi,43.9344,141.6428,-5.32,83,96,6.56,JP,1702912675
467,happy valley-goose bay,53.3168,-60.3315,5.17,75,100,5.14,CA,1702912675
468,zhenzhou,32.2692,119.1789,-0.06,100,100,1.68,CN,1702912675
469,burao,9.5221,45.5336,20.62,54,82,6.26,SO,1702912675
470,zakynthos,37.7914,20.8953,13.13,58,0,2.06,GR,1702912676
471,kapoeta,4.7717,33.5903,34.72,21,87,7.5,SS,1702912676
472,qujing,25.4833,103.7833,11.11,76,1,5.08,CN,1702912676
473,jindabyne,-36.4167,148.6333,17.49,53,100,2.19,AU,1702912676
474,amasra,41.7463,32.3863,6.78,71,67,2.64,TR,1702912677
475,lerik,38.7726,48.4128,-1.2,81,11,2.57,AZ,1702912677
476,hannibal,39.7084,-91.3585,0.51,55,0,9.26,US,1702912677
477,urangan,-25.3,152.9,24.17,85,9,3.55,AU,1702912677
478,souillac,-20.5167,57.5167,27.21,83,75,3.09,MU,1702912678
479,panama city beach,30.1766,-85.8055,10.05,72,0,4.63,US,1702912441
480,alofi,-19.0595,-169.9187,24.94,88,17,3.6,NU,1702912678
481,ribeira do pombal,-10.8344,-38.5358,35.11,28,82,2.37,BR,1702912678
482,bezopasnoye,45.6483,41.936,5.0,95,100,8.1,RU,1702912679
483,bousso,10.4795,16.7117,36.23,10,100,2.37,TD,1702912679
484,saipan,15.1355,145.701,27.39,89,40,5.14,MP,1702912680
485,at taraf,25.3628,49.725,22.3,57,41,3.07,SA,1702912680
486,touros,-5.1989,-35.4608,29.18,66,100,4.97,BR,1702912681
487,natal,-5.795,-35.2094,30.12,66,75,5.14,BR,1702912524
488,salanso,12.1833,-4.0833,32.14,7,35,4.94,BF,1702912681
489,robertsport,6.7533,-11.3686,29.32,53,33,5.12,LR,1702912682
490,stornoway,58.2093,-6.3865,7.98,91,75,9.26,GB,1702912682
491,vilyuchinsk,52.9306,158.4028,-0.85,77,90,4.33,RU,1702912683
492,san cristobal verapaz,15.3833,-90.4,12.31,88,75,2.06,GT,1702912683
493,bosobolo,4.1833,19.9,35.71,26,100,1.4,CD,1702912683
494,xapuri,-10.6517,-68.5044,33.56,44,70,2.21,BR,1702912684
495,kamiiso,41.8167,140.65,-5.37,87,100,6.53,JP,1702912684
496,jalalabad,34.4265,70.4515,12.4,23,0,1.2,AF,1702912684
497,dakoro,14.5106,6.765,30.27,11,10,3.35,NE,1702912685
498,howard springs,-12.497,131.047,29.95,92,100,3.78,AU,1702912685
499,chefchaouene,35.1688,-5.2636,11.76,58,3,2.65,MA,1702912685
500,mareeba,-17.0,145.4333,23.02,87,100,2.24,AU,1702912685
501,chulakkurgan,43.765,69.1814,3.67,64,100,4.81,KZ,1702912686
502,techiman,7.5862,-1.9414,34.9,12,14,2.5,GH,1702912686
503,al hazm,16.1641,44.7769,17.89,15,40,3.69,YE,1702912687
504,chioggia,45.2256,12.2889,10.64,59,3,2.83,IT,1702912687
505,benjamin constant,-4.3831,-70.0311,28.07,78,75,4.12,BR,1702912687
506,mersa matruh,31.3525,27.2453,17.74,63,100,6.77,EG,1702912688
507,aquidaba,-10.2814,-37.0186,32.46,38,99,3.1,BR,1702912688
508,panyam,9.4167,9.2167,29.97,15,41,3.19,NG,1702912688
509,alesund,62.4723,6.1549,8.08,72,75,5.66,NO,1702912688
510,carutapera,-1.195,-46.02,31.18,61,93,3.5,BR,1702912689
511,saurimo,-9.6608,20.3916,24.88,83,100,0.68,AO,1702912689
512,lienz,46.8289,12.769,2.73,67,3,1.93,AT,1702912690
513,siwa oasis,29.2041,25.5195,19.71,42,38,4.84,EG,1702912586
514,chardara,41.2547,67.9692,8.75,54,100,5.59,KZ,1702912690
515,fukuecho,32.6881,128.8419,7.65,71,100,6.11,JP,1702912691
516,mudanjiang,44.5833,129.6,-21.52,93,69,0.8,CN,1702912691
517,mananjary,-21.2167,48.3333,26.56,78,53,4.29,MG,1702912691
518,dalandzadgad,43.5708,104.425,-21.85,92,98,5.69,MN,1702912692
519,sao vicente,-23.9631,-46.3919,36.1,53,75,2.68,BR,1702912692
520,kristiansund,63.1115,7.732,7.36,65,20,3.09,NO,1702912692
521,la maddalena,41.2142,9.4083,15.09,59,0,2.53,IT,1702912693
522,cooper's town,26.8667,-77.5167,20.82,69,12,9.11,BS,1702912693
523,taoudenni,22.6783,-3.9836,18.52,20,10,10.4,ML,1702912693
524,patterson,37.4716,-121.1297,9.43,93,89,2.12,US,1702912613
525,ocher,57.8904,54.7202,-5.29,95,100,3.15,RU,1702912694
526,akrehamn,59.2667,5.1833,7.78,93,75,5.14,NO,1702912694
527,burgersdorp,-30.9977,26.3286,32.02,15,100,11.99,ZA,1702912694
528,corner brook,48.9667,-57.9484,7.09,79,100,7.09,CA,1702912522
529,lensk,60.7253,114.9278,-33.44,96,23,2.65,RU,1702912695
530,santa terezinha,-29.9002,-50.0904,27.11,77,20,4.46,BR,1702912695
531,kerikeri,-35.2268,173.9474,18.84,89,77,0.91,NZ,1702912696
532,bolobo,-2.1667,16.2333,30.21,54,100,0.74,CD,1702912696
533,ouadda,8.0777,22.4007,35.06,17,47,2.49,CF,1702912696
534,carnarvon,-24.8667,113.6333,22.81,78,5,7.1,AU,1702912697
535,corinto,37.9407,22.9573,8.83,49,0,1.85,GR,1702912697
536,banes,20.9625,-75.7186,24.25,87,89,3.68,CU,1702912697
537,trollhattan,58.2333,12.4167,6.44,93,75,7.2,SE,1702912698
538,moyale,3.5167,39.0584,26.62,40,84,4.28,KE,1702912698
539,dubbo,-32.25,148.6167,24.07,31,100,6.69,AU,1702912636
540,island harbour,50.724,-1.2758,12.86,87,100,3.58,GB,1702912699
541,novyy urgal,51.0736,132.5642,-31.27,97,77,0.3,RU,1702912699
542,codrington,-38.2667,141.9667,13.21,93,30,4.12,AU,1702912699
543,bandarbeyla,9.4942,50.8122,25.05,79,3,11.99,SO,1702912700
544,labytnangi,66.6572,66.4183,-14.46,95,100,5.28,RU,1702912700
545,kargasok,59.0556,80.8572,-18.11,89,100,6.8,RU,1702912700
546,porto novo,6.4965,2.6036,31.9,37,2,4.5,BJ,1702912701
547,peace river,56.2501,-117.286,2.17,75,20,5.14,CA,1702912701
548,plymouth,41.8334,-70.8328,16.86,92,100,11.32,US,1702912680
549,andergrove,-21.0833,149.1833,23.69,79,19,1.98,AU,1702912701
550,saint-pierre,-21.3393,55.4781,27.82,74,0,2.06,RE,1702912702
551,vadso,70.0744,29.7487,0.09,80,20,11.83,NO,1702912702
552,mariestad,58.7097,13.8237,7.5,94,95,8.26,SE,1702912702
553,tralee,52.2704,-9.7026,12.14,100,75,4.12,IE,1702912703
554,santa cruz,-17.8,-63.1667,33.03,52,40,11.32,BO,1702912703
555,miyako,39.6367,141.9525,-1.9,60,79,2.03,JP,1702912703
556,dorado,18.4588,-66.2677,29.15,73,40,4.63,PR,1702912704
557,kumla,59.1277,15.1434,7.04,93,100,5.14,SE,1702912704
558,metlili chaamba,32.2667,3.6333,10.52,71,75,3.6,DZ,1702912704
559,quiberon,47.4841,-3.1196,11.71,80,73,4.92,FR,1702912705
560,fada,9.5667,8.3,34.79,13,6,1.34,NG,1702912705
561,uturoa,-16.7333,-151.4333,25.57,84,100,5.33,PF,1702912705
562,alta sierra,35.7291,-118.5495,5.44,28,97,2.01,US,1702912706
563,merizo village,13.2658,144.6691,27.85,89,88,7.76,GU,1702912706
564,bukama,-9.2,25.85,29.58,68,100,1.78,CD,1702912707
565,placido de castro,-10.3353,-67.1856,33.72,42,46,2.37,BR,1702912707
566,margate,51.3813,1.3862,11.61,78,68,4.47,GB,1702912707
567,katsuura,35.1333,140.3,9.5,49,100,3.23,JP,1702912707
568,la gi,10.6667,107.7833,24.92,88,99,4.02,VN,1702912708
569,nogliki,51.8333,143.1667,-15.37,84,100,8.05,RU,1702912708
570,remire-montjoly,4.9167,-52.2667,30.02,74,75,2.06,GF,1702912708
571,mata-utu,-13.2816,-176.1745,27.73,77,85,3.21,WF,1702912709
572,rioja,-29.4111,-66.8507,23.64,68,95,3.67,AR,1702912511
573,lata,40.1629,-8.3327,13.93,44,0,1.1,PT,1702912709
574,bamboo flat,11.7,92.7167,28.05,83,20,2.57,IN,1702912710
575,adrar,20.5022,-10.0711,18.96,15,99,10.07,MR,1702912710
576,praya,14.9215,-23.5087,27.3,57,40,8.23,CV,1702912710
577,koryazhma,61.3143,47.1691,-2.27,95,99,3.91,RU,1702912711
578,betio village,1.358,172.9211,27.02,86,100,10.47,KI,1702912711
579,jianshui,23.6363,102.8264,12.54,92,10,2.09,CN,1702912711
580,sangin,32.0728,64.8359,11.32,40,6,0.25,AF,1702912712
581,noshiro,40.2039,140.0242,-0.51,73,100,8.58,JP,1702912712
582,praia da vitoria,38.7333,-27.0667,20.14,88,75,3.69,PT,1702912494
583,tarawa,1.419,172.984,27.05,94,75,1.03,KI,1702912713
584,vilyuysk,63.7553,121.6247,-34.5,99,100,2.12,RU,1702912713
