City_ID,City Name,City Lat,City Lon,Max Temp,Wind,Date,Humidity,Cloudiness,Description
0,Dalbandin,28.8947,64.4101,54.39,5.12,1703721543,32,0,clear sky
1,Adamstown,-25.066,-130.1015,72.91,17.29,1703721435,72,99,overcast clouds
2,Lata,40.1629,-8.3327,49.98,5.17,1703721544,85,100,overcast clouds
3,Grytviken,-54.2811,-36.5092,36.14,13.09,1703721441,97,100,light rain
4,Edinburgh of the Seven Seas,-37.0676,-12.3116,65.8,33.67,1703721166,93,100,overcast clouds
5,Waitangi,-43.9535,-176.5597,59.83,4.0,1703721545,65,74,broken clouds
6,Atafu Village,-8.5421,-172.5159,85.23,10.2,1703721512,72,100,overcast clouds
7,Noosa,-26.3833,153.15,87.12,7.0,1703721545,67,21,few clouds
8,Anadyr,64.75,177.4833,-18.89,6.13,1703721468,99,100,overcast clouds
9,Puerto Ayora,-0.7393,-90.3518,76.55,3.0,1703721465,93,97,overcast clouds
10,Port-aux-Français,-49.35,70.2167,44.83,8.12,1703721344,99,100,light rain
11,Longyearbyen,78.2186,15.6401,15.87,5.91,1703721443,88,100,overcast clouds
12,Udachny,66.4167,112.4,-37.35,2.33,1703721436,100,86,overcast clouds
13,Kruisfontein,-34.0033,24.7314,65.88,10.51,1703721548,88,99,overcast clouds
14,Ushuaia,-54.8,-68.3,38.86,40.29,1703721489,87,100,light rain
15,Port Augusta,-32.5,137.7667,88.63,6.8,1703721441,24,9,clear sky
16,Puerto Ayacucho,5.6639,-67.6236,78.21,4.09,1703721549,83,80,broken clouds
17,Puerto Natales,-51.7236,-72.4875,44.92,14.76,1703721165,71,63,broken clouds
18,Ghat,24.9647,10.1728,56.7,6.49,1703721550,38,54,broken clouds
19,Oulad Teïma,30.3947,-9.209,56.55,7.16,1703721550,41,0,clear sky
20,Melfort,52.8667,-104.6177,28.53,0.0,1703721550,64,2,clear sky
21,Ubari,26.5921,12.7805,53.92,6.64,1703721551,47,8,clear sky
22,La Tuque,47.4334,-72.7824,32.25,3.44,1703721552,86,100,overcast clouds
23,Yellowknife,62.456,-114.3525,16.32,13.8,1703721446,79,20,few clouds
24,Port Mathurin,-19.6833,63.4167,79.97,4.47,1703721472,77,94,overcast clouds
25,Tralee,52.2704,-9.7026,47.59,27.13,1703721553,81,78,broken clouds
26,Invercargill,-46.4,168.35,66.34,7.83,1703721486,58,8,clear sky
27,Carnarvon,-24.8667,113.6333,73.58,16.37,1703721553,60,32,scattered clouds
28,Port Blair,11.6667,92.75,80.67,13.29,1703721554,69,4,clear sky
29,Kingston,17.997,-76.7936,81.55,9.22,1703721243,98,75,broken clouds
30,Uturoa,-16.7333,-151.4333,80.49,13.0,1703721555,75,81,broken clouds
31,Isangel,-19.55,169.2667,86.11,11.5,1703721555,66,40,scattered clouds
32,Bilibino,68.0546,166.4372,-30.78,3.31,1703721555,100,100,overcast clouds
33,Punta Arenas,-53.15,-70.9167,48.11,21.59,1703721256,57,54,broken clouds
34,Ketchikan,55.3422,-131.6461,45.07,11.5,1703721556,76,100,light rain
35,Queenstown,-31.8976,26.8753,55.0,2.73,1703721557,91,96,overcast clouds
36,Worland,44.0169,-107.9554,32.45,0.0,1703721557,56,0,clear sky
37,Bethel,41.3712,-73.414,47.01,3.44,1703721365,87,100,mist
38,West Island,-12.1568,96.8225,80.58,8.05,1703721434,89,40,scattered clouds
39,Khanty-Mansiysk,61.0042,69.0019,21.31,6.71,1703721558,93,75,light shower snow
40,Selfoss,63.9331,-20.9971,21.54,15.43,1703721559,84,94,overcast clouds
41,Koné,-21.0595,164.8658,90.66,5.21,1703721559,49,21,few clouds
42,Wailua Homesteads,22.0669,-159.378,79.59,12.66,1703721559,65,0,clear sky
43,Vilyuchinsk,52.9306,158.4028,15.26,7.47,1703721560,92,100,light snow
44,Saint-Joseph,-21.3667,55.6167,75.22,5.61,1703721501,64,9,clear sky
45,Jenbach,47.4013,11.7406,32.29,6.17,1703721336,52,65,broken clouds
46,Guarujá,-23.9931,-46.2564,76.84,8.01,1703721562,26,74,broken clouds
47,Imbituba,-28.24,-48.6703,67.73,4.74,1703721562,75,1,clear sky
48,Subkhankulovo,54.5574,53.8115,18.9,2.66,1703721563,97,88,overcast clouds
49,Aasiaat,68.7098,-52.8699,5.38,2.26,1703721563,79,100,overcast clouds
50,Álamos,27.0167,-108.9333,69.19,4.76,1703721478,21,3,clear sky
51,Blackmans Bay,-43.0167,147.3167,67.53,6.73,1703721447,69,61,broken clouds
52,George Town,5.4112,100.3354,78.75,2.3,1703721448,89,20,few clouds
53,Shingū,33.7333,135.9833,48.88,3.13,1703721564,57,6,clear sky
54,Rongelap,11.1635,166.8941,81.41,17.0,1703721268,87,30,scattered clouds
55,Hamilton,39.1834,-84.5333,48.09,1.01,1703721490,70,0,clear sky
56,Mooirivier,-29.2082,29.9946,50.92,3.6,1703721565,98,95,overcast clouds
57,Tokār,18.4254,37.729,78.19,7.11,1703721566,83,27,light rain
58,Ilulissat,69.2167,-51.1,-2.49,3.56,1703721457,76,100,overcast clouds
59,Bay City,43.5945,-83.8889,43.12,8.05,1703721380,95,100,overcast clouds
60,Codrington,-38.2667,141.9667,62.67,8.28,1703721567,70,96,overcast clouds
61,Holualoa,19.6228,-155.9522,76.84,11.5,1703721490,78,40,scattered clouds
62,Wamba,8.9333,8.6,69.39,4.05,1703721568,26,44,scattered clouds
63,Talnakh,69.4865,88.3972,-14.53,5.1,1703721470,77,75,broken clouds
64,Tiruchirappalli,10.8167,78.6833,77.11,9.22,1703721569,83,75,mist
65,Stanley,54.868,-1.6985,42.82,12.66,1703721171,76,40,heavy intensity rain
66,Langepas,61.2544,75.2124,23.14,13.76,1703721569,94,100,overcast clouds
67,Yerofey Pavlovich,53.9667,121.9667,-18.13,2.15,1703721570,99,35,scattered clouds
68,Mariinsk,56.2139,87.7472,15.39,4.65,1703721570,87,100,overcast clouds
69,College,64.8569,-147.8028,-9.54,0.0,1703721482,77,20,few clouds
70,Ancud,-41.8697,-73.8203,59.32,2.64,1703721571,83,49,scattered clouds
71,Barclayville,4.6797,-8.2339,79.23,4.29,1703721572,87,52,broken clouds
72,Mumford,5.2618,-0.759,80.6,4.07,1703721572,85,27,scattered clouds
73,Brisas de Zicatela,15.8369,-97.0419,81.12,5.75,1703721572,74,100,overcast clouds
74,Port Alfred,-33.5906,26.891,62.19,7.0,1703721436,97,100,light rain
75,Papatowai,-46.5619,169.4708,64.99,10.47,1703721453,66,35,scattered clouds
76,Albany,42.6001,-73.9662,44.89,2.3,1703721340,90,100,overcast clouds
77,Carutapera,-1.195,-46.02,78.08,5.1,1703721574,92,100,moderate rain
78,eSikhaleni,-28.871,31.8996,63.32,3.2,1703721574,86,20,few clouds
79,Vila do Maio,15.1333,-23.2167,77.79,13.67,1703721575,77,69,broken clouds
80,Ust-Nera,64.5667,143.2,-42.61,2.21,1703721445,100,98,overcast clouds
81,Kapuskasing,49.4169,-82.4331,30.29,1.14,1703721477,86,100,overcast clouds
82,Ko Samui,9.5357,99.9357,81.55,9.69,1703721576,67,68,broken clouds
83,Jaca,42.569,-0.5499,41.5,4.07,1703721576,45,42,scattered clouds
84,Iqaluit,63.7506,-68.5145,3.27,12.48,1703721435,91,98,overcast clouds
85,Tromsø,69.6496,18.957,29.71,11.7,1703721577,94,95,light snow
86,Abu Dhabi,24.4667,54.3667,69.82,0.0,1703721435,83,0,clear sky
87,Shitanjing,39.2342,106.3439,21.25,5.28,1703721578,50,54,broken clouds
88,Isafjordur,66.0755,-23.124,17.33,11.92,1703721208,92,84,broken clouds
89,Palikir,6.9248,158.1611,86.74,6.91,1703721578,74,40,scattered clouds
90,Arraial do Cabo,-22.9661,-42.0278,75.42,4.16,1703721579,75,3,clear sky
91,Thompson,55.7435,-97.8558,22.1,6.76,1703721461,87,75,broken clouds
92,Myrina,39.8797,25.0742,59.85,6.87,1703721580,77,0,clear sky
93,Salekhard,66.53,66.6019,11.48,17.52,1703721580,95,100,overcast clouds
94,Lázaro Cárdenas,17.9583,-102.2,76.91,6.29,1703721392,70,51,broken clouds
95,Jamestown,42.097,-79.2353,51.39,4.61,1703721442,100,100,overcast clouds
96,Tiksi,71.6872,128.8694,-20.4,3.74,1703721438,100,100,overcast clouds
97,Port Elizabeth,-33.918,25.5701,68.09,17.27,1703721466,82,20,few clouds
98,Maasim,5.8575,125.0061,83.61,6.15,1703721582,70,15,few clouds
99,Cody,44.5263,-109.0565,34.65,1.99,1703721582,71,0,clear sky
100,Valparaíso,-33.0393,-71.6273,64.63,4.61,1703721483,77,0,clear sky
101,Bodaybo,57.8506,114.1933,-4.45,0.92,1703721583,98,100,overcast clouds
102,Yelizovo,53.1873,158.3805,15.12,1.99,1703721584,85,100,light snow
103,Newman,37.3138,-121.0208,61.03,4.76,1703721378,81,100,overcast clouds
104,Tocopilla,-22.092,-70.1979,69.49,4.36,1703721584,62,90,overcast clouds
105,Ust'-Ilimsk,58.0006,102.6619,0.45,3.18,1703721585,99,100,overcast clouds
106,Ribeira Grande,38.5167,-28.7,55.78,1.99,1703721497,77,53,broken clouds
107,Khandyga,62.6667,135.6,-52.15,0.89,1703721586,100,94,overcast clouds
108,Nemuro,43.3236,145.575,25.95,12.46,1703721475,65,42,scattered clouds
109,Bredasdorp,-34.5322,20.0403,66.02,17.96,1703721459,82,100,overcast clouds
110,Sawākin,19.1059,37.3321,76.51,11.88,1703721587,83,76,light rain
111,Grand-Bassam,5.2118,-3.7388,80.67,6.11,1703721587,88,14,few clouds
112,Oblivskaya,48.5362,42.5014,35.96,28.63,1703721587,72,87,overcast clouds
113,Moyynkum,44.2914,72.9469,35.73,7.81,1703721588,81,85,overcast clouds
114,Portland,45.5234,-122.6762,49.66,11.5,1703721344,84,100,overcast clouds
115,Rémire-Montjoly,4.9167,-52.2667,80.64,4.61,1703721588,89,0,clear sky
116,Mata-Utu,-13.2816,-176.1745,83.77,10.78,1703721589,78,94,overcast clouds
117,Quellón,-43.1167,-73.6167,57.04,8.39,1703721589,89,43,scattered clouds
118,Olonkinbyen,70.9221,-8.7187,33.24,24.92,1703721450,80,100,overcast clouds
119,Ad Dilam,23.9915,47.1627,64.81,5.7,1703721590,47,34,scattered clouds
120,Brookings,44.3114,-96.7984,33.19,4.0,1703721411,87,99,light snow
121,Puerto Baquerizo Moreno,-0.9,-89.6,75.6,9.06,1703721500,81,86,overcast clouds
122,Kill Devil Hills,36.0307,-75.676,62.6,6.91,1703721452,100,100,light intensity drizzle
123,Margaret River,-33.95,115.0667,63.0,14.12,1703721269,64,12,few clouds
124,Fuxin,42.0156,121.6589,11.7,3.18,1703721592,90,12,few clouds
125,Al Quşayr,34.5091,36.5798,51.73,2.95,1703721592,83,30,scattered clouds
126,Dudinka,69.4058,86.1778,-20.33,3.0,1703721439,95,83,broken clouds
127,Pālanpur,24.1667,72.4333,63.32,4.41,1703721593,47,66,broken clouds
128,Hammerfest,70.6634,23.6821,28.85,4.61,1703721594,80,75,broken clouds
129,Petropavlovsk-Kamchatskiy,53.0452,158.6483,13.78,7.7,1703721594,85,100,snow
130,East London,-33.0153,27.9116,64.89,14.07,1703721163,88,97,light rain
131,Andergrove,-21.0833,149.1833,91.65,9.44,1703721323,77,9,clear sky
132,Tqibuli,42.3512,42.9987,45.52,10.83,1703721595,98,100,overcast clouds
133,Ponta Delgada,37.7333,-25.6667,54.32,4.61,1703721502,71,75,broken clouds
134,Okhotsk,59.3833,143.3,0.39,14.54,1703721596,96,100,light snow
135,Fairfield,41.2668,-73.3162,47.17,3.44,1703721596,90,100,mist
136,Keflavik,64.0049,-22.5624,22.91,24.38,1703721438,80,74,broken clouds
137,Florø,61.5996,5.0328,35.56,26.46,1703721597,48,75,broken clouds
138,Vallegrande,-18.4897,-64.1069,61.57,5.12,1703721597,83,66,broken clouds
139,Tsiombe,-25.3,45.4833,74.07,6.29,1703721597,92,98,overcast clouds
140,La Ronge,55.1001,-105.2842,30.45,1.14,1703721598,59,20,few clouds
141,Yuzhno-Kurilsk,44.0306,145.8556,27.37,17.54,1703721598,67,100,overcast clouds
142,Chengdu,30.6667,104.0667,46.29,2.24,1703721599,81,40,mist
143,La Sarre,48.8002,-79.1996,28.08,2.26,1703721363,98,100,overcast clouds
144,Berdigestyakh,62.0989,126.6992,-41.49,1.72,1703721479,100,100,overcast clouds
145,Fort Irwin,35.2627,-116.6848,57.63,3.44,1703721600,31,100,overcast clouds
146,Thunder Bay,48.4001,-89.3168,35.58,3.44,1703721601,93,100,overcast clouds
147,Taroa,8.7058,171.2275,81.82,17.47,1703721475,82,32,scattered clouds
148,Jaithāri,23.2333,78.6167,57.07,3.13,1703721606,47,52,broken clouds
149,Olyokminsk,60.3736,120.4264,-23.15,2.15,1703721609,100,95,overcast clouds
150,Turpan,42.9333,89.1667,26.13,1.97,1703721610,48,98,overcast clouds
151,Poli,-3.3333,36.8,59.68,4.63,1703721612,88,80,broken clouds
152,Manismata,-2.4667,111.0333,77.61,1.05,1703721613,93,49,scattered clouds
153,Mossamedes,-15.1961,12.1522,68.81,5.99,1703721614,77,80,broken clouds
154,Verāval,20.9,70.3667,71.19,8.68,1703721616,40,68,broken clouds
155,Praia da Vitória,38.7333,-27.0667,53.76,5.03,1703721464,86,20,few clouds
156,Deming,32.2687,-107.7586,46.06,6.64,1703721617,22,9,clear sky
157,Sisimiut,66.9395,-53.6735,10.96,9.51,1703721619,76,98,overcast clouds
158,Medicine Hat,50.0501,-110.6683,45.03,8.05,1703721361,31,75,broken clouds
159,Ilave,-16.0833,-69.6667,49.51,9.75,1703721622,76,69,broken clouds
160,Masterton,-40.9597,175.6575,68.02,7.23,1703721335,64,100,overcast clouds
161,Natal,-5.795,-35.2094,81.25,6.91,1703721216,83,20,few clouds
162,Ulaangom,49.9811,92.0667,-12.19,2.62,1703721624,96,100,overcast clouds
163,São Gabriel,-30.3364,-54.32,66.97,6.69,1703721625,73,11,few clouds
164,Boise,43.6135,-116.2035,41.54,9.22,1703721569,73,20,few clouds
165,Melito di Porto Salvo,37.9222,15.7714,58.89,3.44,1703721626,63,100,overcast clouds
166,Ar Ruţbah,33.0381,40.2848,52.57,5.61,1703721626,91,100,moderate rain
167,Conceição da Barra,-18.5933,-39.7322,76.08,9.4,1703721474,91,94,overcast clouds
168,Tomatlán,19.9333,-105.25,76.33,7.67,1703721512,61,0,clear sky
169,Qaqortoq,60.7167,-46.0333,17.56,11.48,1703721477,65,82,broken clouds
170,Taro,-8.3862,115.28,73.4,1.99,1703721629,81,30,scattered clouds
171,Heihe,50.2441,127.4902,-17.61,3.09,1703721631,99,7,clear sky
172,Port Lincoln,-34.7333,135.8667,67.57,13.27,1703721443,74,61,broken clouds
173,Gaur,26.7667,85.2667,59.05,1.92,1703721633,72,0,clear sky
174,Dili,-8.5586,125.5736,84.85,2.37,1703721634,72,71,broken clouds
175,Saint Paul Harbor,57.79,-152.4072,24.31,4.61,1703721434,74,75,broken clouds
176,Ratnagiri,16.9833,73.3,73.62,9.8,1703721635,46,29,scattered clouds
177,Afaahiti,-17.75,-149.2833,84.07,16.17,1703721636,84,91,overcast clouds
178,Sola,-13.8833,167.55,81.88,15.57,1703721637,77,92,overcast clouds
179,Sitia,35.2,26.0986,60.98,9.01,1703721638,76,3,clear sky
180,Ocós,14.5094,-92.1933,76.66,8.08,1703721639,77,26,scattered clouds
181,Susuman,62.7833,148.1667,-37.89,0.58,1703721506,100,98,overcast clouds
182,Shira,54.4911,89.9531,13.23,3.04,1703721640,90,100,overcast clouds
183,Summerville,33.0185,-80.1757,62.55,8.05,1703721640,85,0,clear sky
184,Guerrero Negro,27.9769,-114.0611,67.06,14.16,1703721641,66,71,broken clouds
185,Constanța,44.1833,28.65,39.88,7.2,1703721642,88,4,clear sky
186,Novodvinsk,64.4165,40.8122,24.55,4.52,1703721643,97,100,overcast clouds
187,San Luis de la Loma,17.2706,-100.8939,77.58,5.3,1703721644,70,98,overcast clouds
188,Fort St. John,56.2499,-120.8529,22.89,5.75,1703721470,80,75,broken clouds
189,Sakakah,29.9697,40.2064,52.41,9.69,1703721645,90,30,scattered clouds
190,Yigo Village,13.5361,144.8886,81.73,12.66,1703721646,88,40,scattered clouds
191,Antofagasta,-23.65,-70.4,67.28,5.55,1703721646,89,81,broken clouds
192,Hell-Ville,-13.4,48.2667,83.07,2.57,1703721647,75,93,moderate rain
193,La Guancha,28.3789,-16.6604,66.02,4.14,1703721647,56,64,broken clouds
194,Broome,42.2506,-75.833,50.2,7.47,1703721648,97,100,light rain
195,Minas de Marcona,-15.2119,-75.1103,63.73,4.92,1703721648,87,98,overcast clouds
196,Trairi,-3.2778,-39.2689,80.74,7.92,1703721449,83,99,overcast clouds
197,Hermanus,-34.4187,19.2345,65.8,15.59,1703721478,81,99,overcast clouds
198,Hawaiian Paradise Park,19.5933,-154.9731,80.11,5.75,1703721464,74,20,few clouds
199,Ulladulla,-35.35,150.4667,74.01,6.31,1703721650,61,6,clear sky
200,Rādhanpur,23.8333,71.6,65.37,7.96,1703721651,48,87,overcast clouds
201,Sinabang,2.4803,96.3801,80.24,0.27,1703721652,84,100,overcast clouds
202,Ola,59.5833,151.2833,-14.01,11.12,1703721652,87,53,broken clouds
203,Inongo,-1.95,18.2667,73.27,4.65,1703721652,87,54,broken clouds
204,Kili,5.6439,169.1211,83.28,13.49,1703721653,80,99,overcast clouds
205,Kapaa,22.0752,-159.319,80.92,12.66,1703721511,64,0,clear sky
206,Daru,-9.0763,143.2092,86.99,3.18,1703721654,66,100,overcast clouds
207,La Passe,45.5549,-0.8967,50.81,7.34,1703721654,89,100,light rain
208,Nāḩiyat ash Shināfīyah,31.5874,44.6602,56.16,7.52,1703721655,89,100,moderate rain
209,Nova Sintra,14.8667,-24.7167,71.13,15.73,1703721655,79,87,overcast clouds
210,Aripuanã,-9.1667,-60.6333,78.04,1.07,1703721655,74,61,broken clouds
211,Kaa-Khem,51.6833,94.7333,-6.95,1.72,1703721656,99,100,overcast clouds
212,Avarua,-21.2078,-159.775,75.78,15.77,1703721450,74,98,overcast clouds
213,Whitehorse,60.7161,-135.0538,2.17,2.3,1703721657,85,75,broken clouds
214,Al Bawīţī,28.3492,28.8659,55.96,8.37,1703721657,77,0,clear sky
215,Krasnogorskoye,52.2953,86.1979,26.1,2.26,1703721658,93,100,overcast clouds
216,Cannonvale,-20.2833,148.7,90.25,6.91,1703721658,57,32,scattered clouds
217,Vorgashor,67.5833,63.95,6.49,10.94,1703721508,87,47,scattered clouds
218,Lebu,-37.6167,-73.65,57.63,4.47,1703721482,91,23,few clouds
219,Miðvágur,62.0511,-7.1939,38.89,38.27,1703721659,70,100,overcast clouds
220,Haiku-Pauwela,20.9219,-156.3051,79.16,9.22,1703721503,66,40,scattered clouds
221,Mahabalipuram,12.6264,80.1722,77.05,7.72,1703721660,88,99,overcast clouds
222,Kalianget,-7.05,113.9333,83.61,6.82,1703721661,76,82,broken clouds
223,Lompoc,34.6391,-120.4579,65.7,5.75,1703721469,66,40,scattered clouds
224,Happy Valley-Goose Bay,53.3168,-60.3315,13.53,13.4,1703721662,75,48,scattered clouds
225,Djibouti,11.5,42.5,68.72,14.27,1703721662,80,74,broken clouds
226,Nantucket,41.2835,-70.0995,48.34,3.44,1703721547,100,100,mist
227,Altai,46.3722,96.2583,14.86,6.6,1703721663,61,88,overcast clouds
228,Lüderitz,-26.6481,15.1594,60.48,5.17,1703721664,97,13,few clouds
229,Hanzhong,33.0728,107.0303,41.9,2.64,1703721664,71,20,few clouds
230,Dawson Creek,55.7666,-120.2362,28.04,3.44,1703721665,74,0,clear sky
231,Bamboo Flat,11.7,92.7167,81.46,13.6,1703721665,69,5,clear sky
232,Majene,-3.5403,118.9707,81.88,2.62,1703721666,78,96,overcast clouds
233,Macao,22.2006,113.5461,67.8,8.05,1703721658,88,20,few clouds
234,Patnanungan,14.7833,122.1833,79.09,17.02,1703721667,85,18,few clouds
235,Tura,25.5198,90.2201,59.2,3.42,1703721667,82,1,clear sky
236,Sitka,57.0531,-135.33,33.22,8.08,1703721509,83,100,snow
237,Quryq,43.2,51.65,50.13,17.6,1703721668,69,99,overcast clouds
238,Nicoya,10.1483,-85.452,78.03,3.29,1703721668,84,81,broken clouds
239,Boyolangu,-8.1181,111.8935,79.32,3.29,1703721669,87,87,overcast clouds
240,Zarghūn Shahr,32.8473,68.4457,34.84,6.11,1703721669,42,0,clear sky
241,Rawson,-43.3002,-65.1023,71.71,10.63,1703721670,35,57,broken clouds
242,Taunsa,30.7048,70.6505,58.21,2.59,1703721670,45,0,clear sky
243,Iskateley,67.6803,53.1512,10.02,8.01,1703721473,89,74,broken clouds
244,Pauini,-7.7136,-66.9764,77.97,0.69,1703721671,83,96,overcast clouds
245,Cabo San Lucas,22.8909,-109.9124,73.18,5.37,1703721402,51,0,clear sky
246,Lā‘ie,21.6477,-157.9253,80.06,11.07,1703721672,69,35,scattered clouds
247,Enewetak,11.3474,162.3373,81.27,19.42,1703721475,83,80,moderate rain
248,St. John's,47.5649,-52.7093,28.78,1.01,1703721403,79,10,clear sky
249,Saipan,15.1355,145.701,81.52,22.24,1703721494,73,15,few clouds
250,Fale old settlement,-9.3852,-171.2468,83.68,9.46,1703721462,77,87,moderate rain
251,Luang Prabang,19.8856,102.1347,55.27,1.45,1703721675,90,0,clear sky
252,Harstad,68.799,16.5293,32.61,11.01,1703721467,96,97,light snow
253,Morden,49.1919,-98.1014,34.23,4.61,1703721641,80,5,clear sky
254,Pugachev,52.0133,48.8025,33.89,1.74,1703721676,97,100,overcast clouds
255,Tôlanaro,-25.0319,46.9987,77.07,2.3,1703721676,88,40,scattered clouds
256,San Julián,21.0167,-102.1667,59.38,8.72,1703721677,32,0,clear sky
257,Ishim,56.1128,69.4902,23.04,10.0,1703721678,95,97,light snow
258,Lorengau,-2.0226,147.2712,84.7,4.52,1703721678,74,100,overcast clouds
259,Shimanovsk,52.0,127.7,-14.24,2.19,1703721679,100,11,few clouds
260,Puerto Lempira,15.2667,-83.7667,77.07,8.23,1703721680,87,13,few clouds
261,San Ignacio,17.1561,-89.0714,86.14,0.0,1703721680,74,40,scattered clouds
262,Chebba,35.2372,11.115,57.7,5.79,1703721681,77,7,clear sky
263,Saint-Pierre,-21.3393,55.4781,71.56,3.74,1703721682,56,6,clear sky
264,Erenhot,43.6475,111.9767,7.95,6.33,1703721682,89,5,clear sky
265,Naryan-Mar,67.6713,53.087,11.61,7.85,1703721683,89,70,broken clouds
266,Nuuk,64.1835,-51.7216,10.33,9.26,1703721684,69,76,broken clouds
267,Baie-Comeau,49.2168,-68.1489,28.4,2.06,1703721652,36,86,overcast clouds
268,Pokachi,61.7198,75.3683,22.28,14.18,1703721685,92,100,overcast clouds
269,Grantsville,40.5999,-112.4644,36.97,0.0,1703721685,77,0,clear sky
270,Sandnessjøen,66.0217,12.6316,25.32,8.93,1703721686,82,98,light snow
271,Cabedelo,-6.9811,-34.8339,80.24,10.94,1703721686,78,89,overcast clouds
272,Mbéni,-11.5014,43.3775,77.43,3.11,1703721687,75,100,light rain
273,Meadow Lakes,61.6247,-149.6011,16.52,0.0,1703721688,83,100,overcast clouds
274,Serhetabat,35.2799,62.3438,50.04,4.92,1703721688,41,0,clear sky
275,Labytnangi,66.6572,66.4183,13.51,18.54,1703721484,94,100,light snow
276,San Patricio,28.017,-97.5169,69.69,6.4,1703721451,39,17,few clouds
277,Theunissen,-28.411,26.7011,57.47,8.46,1703721690,80,4,clear sky
278,Smara,26.7384,-11.6719,61.07,7.02,1703721691,18,2,clear sky
279,Channelview,29.7761,-95.1146,61.0,9.28,1703721692,47,15,few clouds
280,Moussoro,13.6408,16.4901,64.44,11.74,1703721692,22,29,scattered clouds
281,Byaroza,52.5314,24.9786,31.86,7.83,1703721693,87,83,broken clouds
282,Enshi,30.3,109.4833,44.28,0.83,1703721694,92,1,clear sky
283,Luena,-11.7833,19.9167,63.01,5.68,1703721694,97,97,overcast clouds
284,Camocim,-2.9022,-40.8411,81.16,12.44,1703721695,83,52,broken clouds
285,Puerto Armuelles,8.2833,-82.8667,80.19,2.24,1703721695,81,99,light rain
286,Cambridge,43.3601,-80.3127,45.1,5.75,1703721421,100,100,mist
287,Shanhecun,44.7,127.2,8.82,5.3,1703721697,86,100,overcast clouds
288,Masumbwe,-3.6333,32.1833,63.46,2.55,1703721697,99,100,overcast clouds
289,Hithadhoo,-0.6,73.0833,80.74,12.06,1703721697,80,100,overcast clouds
290,Farasān,16.7022,42.1183,80.17,15.23,1703721698,80,7,clear sky
291,Papao,-17.75,-149.55,85.68,16.69,1703721698,82,92,overcast clouds
292,Terenos,-20.4422,-54.8603,85.71,6.91,1703721699,61,40,scattered clouds
293,Utrik,11.2278,169.8474,81.36,18.75,1703721506,85,24,light rain
294,Sechura,-5.5569,-80.8222,72.63,9.1,1703721699,77,100,overcast clouds
295,Harper,4.375,-7.7169,80.42,6.71,1703721700,85,6,clear sky
296,Hadibu,12.65,54.0333,76.98,12.06,1703721444,83,84,broken clouds
297,La Huerta,19.4667,-104.65,71.46,4.41,1703721701,68,0,clear sky
298,Ongjin,37.9347,125.3619,25.84,2.95,1703721650,83,9,clear sky
299,Mar del Plata,-38.0023,-57.5575,73.44,12.41,1703721604,58,14,few clouds
300,Samcheok,37.4406,129.1708,40.19,8.77,1703721702,67,47,scattered clouds
301,Kapenguria,1.2511,35.0895,59.02,3.29,1703721703,67,100,overcast clouds
302,Ha Tinh,18.3333,105.9,64.54,5.26,1703721703,89,100,overcast clouds
303,Karratha,-20.7377,116.8463,84.69,15.5,1703721704,35,1,clear sky
304,Susz,53.7174,19.3365,32.72,1.01,1703721704,88,97,overcast clouds
305,Port-Vila,-17.7338,168.3219,82.38,15.14,1703721705,66,74,broken clouds
306,Kas,36.2018,29.6377,59.5,5.93,1703721705,49,0,clear sky
307,Skagen,57.7209,10.5839,34.68,38.61,1703721706,98,100,snow
308,Cururupu,-1.8283,-44.8683,77.79,3.67,1703721706,93,100,overcast clouds
309,Oppdal,62.5943,9.6912,10.47,9.19,1703721707,83,98,overcast clouds
310,Garhi Khairo,28.0606,67.9803,59.04,2.33,1703721707,39,0,clear sky
311,Yingkou,40.6648,122.2283,17.35,6.08,1703721708,87,10,clear sky
312,Cidreira,-30.1811,-50.2056,70.0,14.29,1703721471,74,0,clear sky
313,Tennō,39.9,139.9667,34.7,12.62,1703721710,55,100,overcast clouds
314,Lensk,60.7253,114.9278,-24.7,2.17,1703721711,100,94,overcast clouds
315,Fort Scott,37.8398,-94.7083,35.37,16.67,1703721629,87,100,overcast clouds
316,Mujiayingzi,42.1167,118.7833,9.81,7.2,1703721712,81,5,clear sky
317,Penhalonga,-18.8911,32.6978,61.84,3.33,1703721712,99,100,moderate rain
318,Yen Vinh,18.6667,105.6667,63.7,4.07,1703721713,86,98,overcast clouds
319,Abong Mbang,3.9833,13.1833,69.04,1.68,1703721713,44,100,overcast clouds
320,Polyarny,69.1989,33.4478,20.57,10.09,1703721463,94,99,overcast clouds
321,Tete,-16.1564,33.5867,75.29,0.0,1703721714,100,75,light rain
322,Antsiranana,-12.2787,49.2917,78.82,5.23,1703721714,84,33,scattered clouds
323,Tazovsky,67.4667,78.7,8.06,8.23,1703721715,98,100,overcast clouds
324,Saldanha,-33.0117,17.9442,68.05,3.18,1703721715,83,100,overcast clouds
325,Voznesenskaya,44.5527,41.0318,39.02,21.83,1703721716,67,73,broken clouds
326,Fortaleza,-3.7227,-38.5247,82.53,5.75,1703721716,78,0,clear sky
327,Kuta,-8.7233,115.1723,80.55,2.3,1703721543,89,75,broken clouds
328,Dunedin,-45.8742,170.5036,58.59,15.03,1703721614,85,79,broken clouds
329,Pacasmayo,-7.4006,-79.5714,72.37,8.52,1703721717,79,100,overcast clouds
330,Bom Jesus,-9.0744,-44.3586,80.13,3.33,1703721683,56,67,broken clouds
331,Usogorsk,63.4106,48.6872,-1.23,2.89,1703721718,100,99,overcast clouds
332,Nageswari,25.9688,89.693,64.09,6.44,1703721718,70,6,clear sky
333,Tambopata,-12.7333,-69.1833,77.23,1.83,1703721719,87,77,light rain
334,Chupaca,-12.0667,-75.2833,55.85,4.76,1703721719,75,100,overcast clouds
335,Arkhangelsk,64.5401,40.5433,24.91,8.95,1703721719,100,100,overcast clouds
336,Contamana,-7.3333,-75.0167,70.72,2.13,1703721720,100,100,overcast clouds
337,Bassar,9.25,0.7833,69.94,3.53,1703721720,18,6,clear sky
338,Geraldton,-28.7667,114.6,73.81,12.66,1703721501,64,49,scattered clouds
339,Visby,57.6409,18.296,25.02,4.61,1703721721,93,88,overcast clouds
340,Mossel Bay,-34.1831,22.146,58.93,20.11,1703721452,83,100,overcast clouds
341,Sarangani,5.4033,125.4636,82.6,15.03,1703721722,76,29,scattered clouds
342,Taksimo,56.3444,114.8794,-9.65,1.12,1703721723,92,85,overcast clouds
343,Pangody,65.85,74.4859,11.73,16.04,1703721723,94,88,overcast clouds
344,Aldan,58.6031,125.3894,-19.66,4.41,1703721724,98,100,overcast clouds
345,Prainha,-1.8,-53.48,82.06,3.36,1703721724,70,100,overcast clouds
346,Byron Bay,-28.65,153.6167,88.45,2.04,1703721725,37,0,clear sky
347,Fort Bragg,35.139,-79.006,63.19,5.75,1703721496,91,75,broken clouds
348,Piti Village,13.4626,144.6933,84.31,12.66,1703721725,84,40,scattered clouds
349,East Ballina,-28.8667,153.5833,87.58,4.32,1703721726,38,0,clear sky
350,Fuglafjørður,62.244,-6.814,38.7,39.68,1703721726,71,100,overcast clouds
351,Dhidhdhoo,6.8833,73.1,82.27,6.24,1703721727,71,100,overcast clouds
352,Lubsko,51.7847,14.972,39.96,11.48,1703721727,80,100,overcast clouds
353,Ca Mau,9.1769,105.15,76.98,6.62,1703721728,87,100,overcast clouds
354,Mana,5.6592,-53.7767,77.86,7.34,1703721728,90,16,few clouds
355,Glace Bay,46.1969,-59.957,34.79,3.44,1703721729,86,75,broken clouds
356,Greencastle,39.6445,-86.8647,44.46,6.91,1703721608,81,100,overcast clouds
357,Zyryanovsk,49.7386,84.2719,24.4,0.81,1703721729,97,100,snow
358,Nabire,-3.3667,135.4833,84.09,1.7,1703721730,73,79,broken clouds
359,Taulaga,-11.0553,-171.0883,83.05,1.97,1703721730,73,92,overcast clouds
360,Port Sudan,19.6175,37.2164,75.9,12.75,1703721731,80,84,broken clouds
361,Distrikt Brokopondo,4.75,-55.1667,77.11,5.64,1703721658,90,62,broken clouds
362,Sorong,-0.8833,131.25,82.38,1.95,1703721731,79,42,scattered clouds
363,Athens,37.9795,23.7162,56.37,4.81,1703721436,72,0,clear sky
364,Lihue,21.9789,-159.3672,80.19,12.66,1703721454,63,0,clear sky
365,Kainantu,-6.2887,145.8655,71.01,0.72,1703721733,73,100,overcast clouds
366,Kerikeri,-35.2268,173.9474,73.9,8.93,1703721733,86,86,overcast clouds
367,Altdorf,49.3875,11.3572,37.72,5.48,1703721734,68,99,overcast clouds
368,Skovorodino,53.9833,123.9167,-22.16,1.48,1703721735,100,23,few clouds
369,Plastun,44.7561,136.2939,13.12,6.15,1703721735,63,72,broken clouds
370,Hajdúszoboszló,47.45,21.4,40.17,6.53,1703721736,85,41,scattered clouds
371,Badger,64.8,-147.5333,-9.63,0.0,1703721483,78,20,few clouds
372,Nova Aurora,-22.8667,-52.5667,75.47,6.31,1703721736,39,23,few clouds
373,Lubao,14.9167,120.55,78.51,9.26,1703721737,74,5,clear sky
374,Hasaki,35.7333,140.8333,50.29,11.86,1703721737,72,100,overcast clouds
375,Gizo Government Station,-8.103,156.8419,84.88,4.99,1703721738,72,90,overcast clouds
376,Mecayapan,18.2167,-94.8333,70.75,7.09,1703721738,89,93,overcast clouds
377,Namtsy,62.7161,129.6658,-38.13,1.32,1703721739,100,98,overcast clouds
378,Sassandra,4.95,-6.0833,78.73,4.54,1703721739,91,15,few clouds
379,Magadan,59.5667,150.8,-14.03,10.4,1703721740,81,80,broken clouds
380,Lagunas,-5.2269,-75.6753,71.42,2.19,1703721740,99,100,overcast clouds
381,Kodinsk,58.6881,99.1844,2.44,1.28,1703721741,100,99,overcast clouds
382,Acapulco de Juárez,16.8634,-99.8901,78.89,2.21,1703721739,69,99,light rain
383,Smithers,54.7804,-127.1743,29.3,2.66,1703721742,97,94,snow
384,Walvis Bay,-22.9575,14.5053,65.35,1.14,1703721460,77,6,clear sky
385,Gadzhiyevo,69.2551,33.3362,17.91,10.38,1703721743,95,98,overcast clouds
386,Catió,11.2833,-15.25,73.26,3.8,1703721744,89,21,few clouds
387,Mount Isa,-20.7333,139.5,95.52,5.5,1703721219,8,0,clear sky
388,Antequera,37.0194,-4.5612,46.45,3.24,1703721745,85,14,few clouds
389,Finisterra,42.9049,-9.2629,56.75,3.98,1703721745,95,100,light rain
390,Luanda,-8.8368,13.2343,78.91,5.03,1703721513,84,97,light rain
391,Lagoa,39.05,-27.9833,59.2,8.86,1703721746,65,49,scattered clouds
392,Labrador City,52.9463,-66.9114,5.18,8.79,1703721605,93,96,overcast clouds
393,Merizo Village,13.2658,144.6691,83.98,16.49,1703721747,78,32,scattered clouds
394,Kumul,42.8,93.45,21.87,3.98,1703721747,69,100,overcast clouds
395,Cutral-Có,-38.9469,-69.2089,81.91,10.0,1703721748,10,14,few clouds
396,Es Castell,39.8795,4.2854,54.28,4.61,1703721749,71,20,few clouds
397,Mocímboa,-11.3167,40.35,76.89,6.67,1703721749,94,100,overcast clouds
398,Gobabis,-22.45,18.9667,77.07,10.89,1703721439,33,41,scattered clouds
399,Huntersville,35.4107,-80.8429,57.31,1.01,1703721601,95,100,overcast clouds
400,Jabor,5.921,169.6434,83.01,14.79,1703721751,82,100,overcast clouds
401,Belmonte,-15.8631,-38.8828,79.11,7.16,1703721751,82,88,overcast clouds
402,Kolding,55.4904,9.4722,43.16,13.8,1703721751,93,100,moderate rain
403,Muromtsevo,56.3724,75.2418,30.69,7.36,1703721752,97,100,light snow
404,Weno,7.4515,151.8468,82.94,11.97,1703721752,78,100,overcast clouds
405,Naugachhia,25.4,87.1,61.02,3.71,1703721753,75,0,clear sky
406,Pisco,-13.7,-76.2167,70.56,3.31,1703721458,85,99,overcast clouds
407,Manaus,-3.1019,-60.025,82.89,2.3,1703721630,78,40,light rain
408,Northam,51.0333,-4.2167,52.39,37.4,1703721754,81,22,few clouds
409,Swakopmund,-22.6833,14.5333,65.25,5.01,1703721755,83,29,scattered clouds
410,Zaragoza,41.6561,-0.8773,44.19,0.29,1703721502,43,21,few clouds
411,Kirensk,57.7853,108.1119,4.96,1.99,1703721756,98,100,light snow
412,Saint-François,46.4154,3.9054,36.84,2.3,1703721756,71,0,clear sky
413,Revelstoke,50.9832,-118.2023,31.82,2.64,1703721756,93,73,broken clouds
414,Ghanzi,-21.5667,21.7833,69.48,15.73,1703721757,74,59,broken clouds
415,Kiruna,67.8557,20.2251,4.12,4.61,1703721757,85,69,broken clouds
416,Sittwe,20.15,92.9,68.16,5.82,1703721758,82,0,clear sky
417,Plettenberg Bay,-34.0527,23.3716,64.44,11.41,1703721758,81,100,overcast clouds
418,Kasane,-17.8167,25.15,67.59,7.14,1703721759,94,100,light rain
419,Oyem,1.5995,11.5793,70.43,2.3,1703721759,90,74,broken clouds
420,Brandon,27.9378,-82.2859,65.28,4.61,1703721584,76,100,overcast clouds
421,Sīwah,29.2041,25.5195,58.75,9.13,1703721760,55,21,few clouds
422,Goundam,16.4145,-3.6708,69.3,8.1,1703721760,12,0,clear sky
423,Usinsk,65.9939,57.5281,12.09,17.85,1703721444,85,22,few clouds
424,Sangmélima,2.9333,11.9833,69.84,3.2,1703721761,64,100,overcast clouds
425,Kenai,60.5544,-151.2583,17.15,6.93,1703721499,93,96,overcast clouds
426,Inhambane,-23.865,35.3833,73.85,8.32,1703721762,90,100,light rain
427,Tarko-Sale,64.9225,77.785,10.53,14.38,1703721762,94,85,overcast clouds
428,Arês,-6.1944,-35.1603,80.69,9.69,1703721762,81,47,scattered clouds
429,Diego Martin,10.7005,-61.5342,74.5,6.06,1703721763,84,40,scattered clouds
430,Kittilä,67.6647,24.8936,1.54,1.14,1703721763,85,100,fog
431,Iquitos,-3.7481,-73.2472,71.1,2.53,1703721716,99,77,broken clouds
432,Aykhal,66.0,111.5,-27.92,1.61,1703721764,100,24,few clouds
433,Trevelin,-43.0858,-71.4639,71.08,7.99,1703721764,57,53,broken clouds
434,Salalah,17.0151,54.0924,72.73,2.15,1703721765,53,53,broken clouds
435,Mildura,-34.2,142.15,79.09,9.22,1703721765,42,2,clear sky
436,Luanco,43.6152,-5.7934,54.01,0.98,1703721766,95,100,overcast clouds
437,Ghadames,30.1337,9.5007,60.01,7.96,1703721766,31,81,broken clouds
438,Wainwright,52.839,-110.8572,33.13,12.26,1703721767,55,62,broken clouds
439,Momil,9.2377,-75.6749,80.69,4.97,1703721767,87,53,broken clouds
440,Whangarei,-35.7317,174.3239,71.6,9.04,1703721504,79,91,overcast clouds
441,Pirané,-25.7324,-59.1088,70.95,5.75,1703721768,72,52,broken clouds
442,Lewistown,40.5992,-77.5714,50.63,0.0,1703721768,100,100,light rain
443,Billings Metropolitan Area,45.7833,-108.5007,25.61,4.52,1703721769,84,0,clear sky
444,Bubaque,11.2833,-15.8333,78.82,6.8,1703721459,78,8,clear sky
445,Mili,6.0815,171.735,82.83,16.49,1703721769,82,51,broken clouds
446,Pasto,1.2136,-77.2811,55.56,1.36,1703721490,99,95,moderate rain
447,Makassar,-5.14,119.4221,82.09,3.36,1703721770,76,70,broken clouds
448,Priargunsk,50.3691,119.1012,-29.04,1.79,1703721771,100,93,overcast clouds
449,Angoche,-16.2325,39.9086,79.34,6.98,1703721771,86,100,overcast clouds
450,Tucumã,-0.1833,-50.05,78.03,5.82,1703721771,92,90,overcast clouds
451,Giyani,-23.3025,30.7187,62.96,11.12,1703721772,87,100,overcast clouds
452,Talcahuano,-36.7167,-73.1167,57.9,1.9,1703721772,95,100,overcast clouds
453,Ust'-Kulom,61.6864,53.6902,-7.28,3.09,1703721773,100,97,overcast clouds
454,Johnstown,40.3267,-78.922,50.77,3.44,1703721773,100,100,fog
455,Kayangel,8.0823,134.7173,82.38,16.93,1703721774,82,91,overcast clouds
456,Mugia,43.1041,-9.2179,56.91,1.86,1703721774,94,100,overcast clouds
457,Bandarbeyla,9.4942,50.8122,78.12,19.82,1703721774,79,48,scattered clouds
458,Bardai,11.65,7.2333,57.9,9.33,1703721775,25,8,clear sky
459,Ban Huai Thalaeng,14.9833,102.65,62.98,6.78,1703721775,87,4,clear sky
460,Bayanhongor,46.7167,100.1167,1.29,3.94,1703721776,79,77,broken clouds
461,Touros,-5.1989,-35.4608,80.4,13.94,1703721499,81,39,scattered clouds
462,Porto-Novo,6.4965,2.6036,82.22,4.25,1703721776,81,17,few clouds
463,Dīdwāna,27.4,74.5667,54.12,6.44,1703721777,44,1,clear sky
464,Salinas,36.6777,-121.6555,65.01,20.71,1703721766,74,75,broken clouds
465,Buturlino,55.5667,44.8974,8.73,6.22,1703721777,98,100,overcast clouds
466,Morena,26.4969,78.0,51.71,2.37,1703721778,57,27,scattered clouds
467,Ulsteinvik,62.3432,5.8487,32.13,12.41,1703721485,69,100,overcast clouds
468,Kourou,5.1552,-52.6478,80.65,5.77,1703721779,91,10,clear sky
469,Poronaysk,49.2167,143.1167,-1.57,3.2,1703721779,89,24,few clouds
470,Basco,20.4487,121.9702,76.66,16.67,1703721780,86,39,scattered clouds
471,Ruhengeri,-1.4998,29.635,58.51,1.61,1703721780,94,100,overcast clouds
472,Lys'va,58.1086,57.8053,8.67,3.62,1703721781,98,100,overcast clouds
473,Forster,-32.1667,152.5167,86.29,2.64,1703721781,41,23,few clouds
474,Rio Grande,-32.035,-52.0986,69.91,13.58,1703721782,76,47,scattered clouds
475,Abbadia San Salvatore,42.8821,11.6695,43.56,3.71,1703721783,89,21,few clouds
476,Santa Fé do Sul,-20.2111,-50.9258,83.75,1.52,1703721783,45,63,broken clouds
477,Chui,-33.6971,-53.4616,65.84,8.7,1703721783,75,30,scattered clouds
478,Aral,40.5156,81.2636,28.87,4.81,1703721506,38,13,few clouds
479,Bahawalnagar,30.5508,73.3908,55.15,2.77,1703721785,43,0,clear sky
480,Chamonix,45.9238,6.8693,23.79,5.75,1703721785,44,6,clear sky
481,Vadsø,70.0744,29.7487,23.16,6.91,1703721786,93,40,scattered clouds
482,Tuba City,36.135,-111.2399,42.39,1.01,1703721786,39,68,broken clouds
483,Alice Springs,-23.7,133.8833,96.35,17.27,1703721376,9,2,clear sky
484,Valle de La Pascua,9.2155,-66.0073,81.93,9.08,1703721787,62,77,broken clouds
485,Patterson,37.4716,-121.1297,58.98,6.91,1703721787,86,100,overcast clouds
486,Okha,53.5739,142.9478,-7.64,13.35,1703721788,93,78,broken clouds
487,Meulaboh,4.1363,96.1285,77.16,4.16,1703721788,91,99,overcast clouds
488,Esim,4.8699,-2.2405,80.31,5.7,1703721789,85,9,clear sky
489,Grao de Murviedro,39.6417,-0.2389,46.87,2.3,1703721789,41,0,clear sky
490,Chipinge,-20.1883,32.6236,60.78,3.0,1703721789,99,100,heavy intensity rain
491,Tokmak,47.2514,35.7058,37.2,17.69,1703721790,70,23,few clouds
492,Sirte,31.2089,16.5887,59.61,2.53,1703721790,67,0,clear sky
493,Sydney Mines,46.2367,-60.2177,36.0,3.44,1703721791,82,75,broken clouds
494,Vacaria,-28.5122,-50.9339,56.39,7.09,1703721541,83,0,clear sky
495,Kununurra,-15.7667,128.7333,87.78,5.75,1703721526,74,57,broken clouds
496,Tsiroanomandidy,-18.7667,46.0333,70.72,0.94,1703721792,88,92,overcast clouds
497,Lüshunkou,38.8,121.2667,25.02,10.47,1703721792,72,9,clear sky
498,Ocean City,39.2776,-74.5746,54.01,13.0,1703721793,94,100,overcast clouds
499,Yima,34.7381,111.8839,30.63,2.15,1703721793,71,0,clear sky
500,Tchin Tabaradèn,15.8969,5.7985,60.69,10.96,1703721794,24,16,few clouds
501,Nogliki,51.8333,143.1667,-5.66,8.99,1703721794,93,92,overcast clouds
502,Tarawa,1.419,172.984,83.71,9.93,1703721794,76,71,broken clouds
503,Puerto Deseado,-47.7503,-65.8938,55.99,16.49,1703721795,52,68,broken clouds
504,Santa Rosa,14.3122,121.1114,79.48,12.17,1703721738,79,28,scattered clouds
505,Nouadhibou,20.931,-17.0347,71.58,11.5,1703721796,30,8,clear sky
506,Cheney,47.4874,-117.5758,37.26,5.59,1703721625,92,99,overcast clouds
507,Coxim,-18.5067,-54.76,84.18,4.09,1703721797,56,95,overcast clouds
508,Viljandi,58.3639,25.59,28.71,7.99,1703721797,93,56,broken clouds
509,Hastings,50.8552,0.5729,53.98,33.29,1703721780,36,100,overcast clouds
510,Pangai,-19.8,-174.35,84.31,20.71,1703721798,70,40,scattered clouds
511,Krasnyy Yar,46.5331,48.3456,45.95,20.8,1703721799,71,100,light rain
512,Itoman,26.1247,127.6694,69.82,10.36,1703721799,64,75,broken clouds
513,Ashtabula,41.7001,-80.7665,48.76,3.44,1703721800,94,100,mist
514,Pāsighāt,28.0667,95.3333,57.52,3.47,1703721800,58,0,clear sky
515,Jatai,-17.8814,-51.7144,75.18,3.11,1703721800,77,98,overcast clouds
516,Auki,-8.7676,160.7034,85.64,3.36,1703721449,70,100,heavy intensity rain
517,Freetown,8.484,-13.2299,78.51,8.14,1703721801,84,1,clear sky
518,Chertkovo,49.3847,40.1547,33.39,25.41,1703721802,69,99,overcast clouds
519,Salacgrīva,57.7536,24.3581,34.47,12.66,1703721802,75,94,overcast clouds
520,San Antonio de Palé,-1.4014,5.6325,81.27,1.45,1703721802,78,88,overcast clouds
521,Cologne,50.9333,6.95,50.97,12.48,1703721803,66,100,light rain
522,Yanbu,24.0891,38.0637,73.44,2.3,1703721804,73,20,few clouds
523,Redenção,-4.2258,-38.7306,78.73,4.18,1703721757,84,96,overcast clouds
524,Richards Bay,-28.783,32.0377,63.36,2.26,1703721805,85,16,few clouds
525,Boende,-0.2167,20.8667,74.01,2.17,1703721805,80,89,overcast clouds
526,Monrovia,6.3005,-10.7969,80.2,5.03,1703721805,82,0,clear sky
527,Hotan,37.0997,79.9269,33.15,6.8,1703721507,28,2,clear sky
528,Mālvan,16.0667,73.4667,73.96,7.96,1703721806,49,26,scattered clouds
529,Faya-Largeau,17.9257,19.1043,63.54,20.94,1703721807,32,3,clear sky
530,Eastham,41.8301,-69.9739,48.22,3.44,1703721508,78,100,mist
531,Nadi,-17.8,177.4167,89.31,4.68,1703721796,57,14,few clouds
532,Kavaratti,10.5669,72.642,82.6,7.7,1703721498,62,65,broken clouds
533,Leiyang,26.4024,112.8591,48.83,1.57,1703721715,64,0,clear sky
534,Emerald,-23.5333,148.1667,88.34,8.43,1703721809,62,0,clear sky
535,Abuyog,10.6667,125.05,78.75,6.64,1703721809,90,44,scattered clouds
536,Nadym,65.5333,72.5167,16.39,19.73,1703721810,94,89,light snow
